#include "OLED_Data.h"

/**
  * 数据存储格式：
  * 纵向8点，高位在下，先从左到右，再从上到下
  * 每一个Bit对应一个像素点
  * 
  *      B0 B0                  B0 B0
  *      B1 B1                  B1 B1
  *      B2 B2                  B2 B2
  *      B3 B3  ------------->  B3 B3 --
  *      B4 B4                  B4 B4  |
  *      B5 B5                  B5 B5  |
  *      B6 B6                  B6 B6  |
  *      B7 B7                  B7 B7  |
  *                                    |
  *  -----------------------------------
  *  |   
  *  |   B0 B0                  B0 B0
  *  |   B1 B1                  B1 B1
  *  |   B2 B2                  B2 B2
  *  --> B3 B3  ------------->  B3 B3
  *      B4 B4                  B4 B4
  *      B5 B5                  B5 B5
  *      B6 B6                  B6 B6
  *      B7 B7                  B7 B7
  * 
  */

/*ASCII字模数据*********************/

/*宽8像素，高16像素*/
const uint8_t OLED_F8x16[][16] =
{
	{0x00,0x00,0x00,0x00,0x00,0x00,0x00,0x00,0x00,0x00,0x00,0x00,0x00,0x00,0x00,0x00},//   0
	{0x00,0x00,0x00,0xF8,0x00,0x00,0x00,0x00,0x00,0x00,0x00,0x33,0x30,0x00,0x00,0x00},// ! 1
	{0x00,0x16,0x0E,0x00,0x16,0x0E,0x00,0x00,0x00,0x00,0x00,0x00,0x00,0x00,0x00,0x00},// " 2
	{0x40,0xC0,0x78,0x40,0xC0,0x78,0x40,0x00,0x04,0x3F,0x04,0x04,0x3F,0x04,0x04,0x00},// # 3
	{0x00,0x70,0x88,0xFC,0x08,0x30,0x00,0x00,0x00,0x18,0x20,0xFF,0x21,0x1E,0x00,0x00},// $ 4
	{0xF0,0x08,0xF0,0x00,0xE0,0x18,0x00,0x00,0x00,0x21,0x1C,0x03,0x1E,0x21,0x1E,0x00},// % 5
	{0x00,0xF0,0x08,0x88,0x70,0x00,0x00,0x00,0x1E,0x21,0x23,0x24,0x19,0x27,0x21,0x10},// & 6
	{0x00,0x00,0x00,0x16,0x0E,0x00,0x00,0x00,0x00,0x00,0x00,0x00,0x00,0x00,0x00,0x00},// ' 7
	{0x00,0x00,0x00,0xE0,0x18,0x04,0x02,0x00,0x00,0x00,0x00,0x07,0x18,0x20,0x40,0x00},// ( 8
	{0x00,0x02,0x04,0x18,0xE0,0x00,0x00,0x00,0x00,0x40,0x20,0x18,0x07,0x00,0x00,0x00},// ) 9
	{0x40,0x40,0x80,0xF0,0x80,0x40,0x40,0x00,0x02,0x02,0x01,0x0F,0x01,0x02,0x02,0x00},// * 10
	{0x00,0x00,0x00,0xF0,0x00,0x00,0x00,0x00,0x01,0x01,0x01,0x1F,0x01,0x01,0x01,0x00},// + 11
	{0x00,0x00,0x00,0x00,0x00,0x00,0x00,0x00,0x00,0xB0,0x70,0x00,0x00,0x00,0x00,0x00},// , 12
	{0x00,0x00,0x00,0x00,0x00,0x00,0x00,0x00,0x00,0x01,0x01,0x01,0x01,0x01,0x01,0x01},// - 13
	{0x00,0x00,0x00,0x00,0x00,0x00,0x00,0x00,0x00,0x30,0x30,0x00,0x00,0x00,0x00,0x00},// . 14
	{0x00,0x00,0x00,0x00,0x80,0x60,0x18,0x04,0x00,0x60,0x18,0x06,0x01,0x00,0x00,0x00},// / 15
	{0x00,0xE0,0x10,0x08,0x08,0x10,0xE0,0x00,0x00,0x0F,0x10,0x20,0x20,0x10,0x0F,0x00},// 0 16
	{0x00,0x10,0x10,0xF8,0x00,0x00,0x00,0x00,0x00,0x20,0x20,0x3F,0x20,0x20,0x00,0x00},// 1 17
	{0x00,0x70,0x08,0x08,0x08,0x88,0x70,0x00,0x00,0x30,0x28,0x24,0x22,0x21,0x30,0x00},// 2 18
	{0x00,0x30,0x08,0x88,0x88,0x48,0x30,0x00,0x00,0x18,0x20,0x20,0x20,0x11,0x0E,0x00},// 3 19
	{0x00,0x00,0xC0,0x20,0x10,0xF8,0x00,0x00,0x00,0x07,0x04,0x24,0x24,0x3F,0x24,0x00},// 4 20
	{0x00,0xF8,0x08,0x88,0x88,0x08,0x08,0x00,0x00,0x19,0x21,0x20,0x20,0x11,0x0E,0x00},// 5 21
	{0x00,0xE0,0x10,0x88,0x88,0x18,0x00,0x00,0x00,0x0F,0x11,0x20,0x20,0x11,0x0E,0x00},// 6 22
	{0x00,0x38,0x08,0x08,0xC8,0x38,0x08,0x00,0x00,0x00,0x00,0x3F,0x00,0x00,0x00,0x00},// 7 23
	{0x00,0x70,0x88,0x08,0x08,0x88,0x70,0x00,0x00,0x1C,0x22,0x21,0x21,0x22,0x1C,0x00},// 8 24
	{0x00,0xE0,0x10,0x08,0x08,0x10,0xE0,0x00,0x00,0x00,0x31,0x22,0x22,0x11,0x0F,0x00},// 9 25
	{0x00,0x00,0x00,0xC0,0xC0,0x00,0x00,0x00,0x00,0x00,0x00,0x30,0x30,0x00,0x00,0x00},// : 26
	{0x00,0x00,0x00,0xC0,0xC0,0x00,0x00,0x00,0x00,0x00,0x80,0xB0,0x70,0x00,0x00,0x00},// ; 27
	{0x00,0x00,0x80,0x40,0x20,0x10,0x08,0x00,0x00,0x01,0x02,0x04,0x08,0x10,0x20,0x00},// < 28
	{0x40,0x40,0x40,0x40,0x40,0x40,0x40,0x00,0x04,0x04,0x04,0x04,0x04,0x04,0x04,0x00},// = 29
	{0x00,0x08,0x10,0x20,0x40,0x80,0x00,0x00,0x00,0x20,0x10,0x08,0x04,0x02,0x01,0x00},// > 30
	{0x00,0x70,0x48,0x08,0x08,0x08,0xF0,0x00,0x00,0x00,0x00,0x30,0x36,0x01,0x00,0x00},// ? 31
	{0xC0,0x30,0xC8,0x28,0xE8,0x10,0xE0,0x00,0x07,0x18,0x27,0x24,0x23,0x14,0x0B,0x00},// @ 32
	{0x00,0x00,0xC0,0x38,0xE0,0x00,0x00,0x00,0x20,0x3C,0x23,0x02,0x02,0x27,0x38,0x20},// A 33
	{0x08,0xF8,0x88,0x88,0x88,0x70,0x00,0x00,0x20,0x3F,0x20,0x20,0x20,0x11,0x0E,0x00},// B 34
	{0xC0,0x30,0x08,0x08,0x08,0x08,0x38,0x00,0x07,0x18,0x20,0x20,0x20,0x10,0x08,0x00},// C 35
	{0x08,0xF8,0x08,0x08,0x08,0x10,0xE0,0x00,0x20,0x3F,0x20,0x20,0x20,0x10,0x0F,0x00},// D 36
	{0x08,0xF8,0x88,0x88,0xE8,0x08,0x10,0x00,0x20,0x3F,0x20,0x20,0x23,0x20,0x18,0x00},// E 37
	{0x08,0xF8,0x88,0x88,0xE8,0x08,0x10,0x00,0x20,0x3F,0x20,0x00,0x03,0x00,0x00,0x00},// F 38
	{0xC0,0x30,0x08,0x08,0x08,0x38,0x00,0x00,0x07,0x18,0x20,0x20,0x22,0x1E,0x02,0x00},// G 39
	{0x08,0xF8,0x08,0x00,0x00,0x08,0xF8,0x08,0x20,0x3F,0x21,0x01,0x01,0x21,0x3F,0x20},// H 40
	{0x00,0x08,0x08,0xF8,0x08,0x08,0x00,0x00,0x00,0x20,0x20,0x3F,0x20,0x20,0x00,0x00},// I 41
	{0x00,0x00,0x08,0x08,0xF8,0x08,0x08,0x00,0xC0,0x80,0x80,0x80,0x7F,0x00,0x00,0x00},// J 42
	{0x08,0xF8,0x88,0xC0,0x28,0x18,0x08,0x00,0x20,0x3F,0x20,0x01,0x26,0x38,0x20,0x00},// K 43
	{0x08,0xF8,0x08,0x00,0x00,0x00,0x00,0x00,0x20,0x3F,0x20,0x20,0x20,0x20,0x30,0x00},// L 44
	{0x08,0xF8,0xF8,0x00,0xF8,0xF8,0x08,0x00,0x20,0x3F,0x00,0x3F,0x00,0x3F,0x20,0x00},// M 45
	{0x08,0xF8,0x30,0xC0,0x00,0x08,0xF8,0x08,0x20,0x3F,0x20,0x00,0x07,0x18,0x3F,0x00},// N 46
	{0xE0,0x10,0x08,0x08,0x08,0x10,0xE0,0x00,0x0F,0x10,0x20,0x20,0x20,0x10,0x0F,0x00},// O 47
	{0x08,0xF8,0x08,0x08,0x08,0x08,0xF0,0x00,0x20,0x3F,0x21,0x01,0x01,0x01,0x00,0x00},// P 48
	{0xE0,0x10,0x08,0x08,0x08,0x10,0xE0,0x00,0x0F,0x18,0x24,0x24,0x38,0x50,0x4F,0x00},// Q 49
	{0x08,0xF8,0x88,0x88,0x88,0x88,0x70,0x00,0x20,0x3F,0x20,0x00,0x03,0x0C,0x30,0x20},// R 50
	{0x00,0x70,0x88,0x08,0x08,0x08,0x38,0x00,0x00,0x38,0x20,0x21,0x21,0x22,0x1C,0x00},// S 51
	{0x18,0x08,0x08,0xF8,0x08,0x08,0x18,0x00,0x00,0x00,0x20,0x3F,0x20,0x00,0x00,0x00},// T 52
	{0x08,0xF8,0x08,0x00,0x00,0x08,0xF8,0x08,0x00,0x1F,0x20,0x20,0x20,0x20,0x1F,0x00},// U 53
	{0x08,0x78,0x88,0x00,0x00,0xC8,0x38,0x08,0x00,0x00,0x07,0x38,0x0E,0x01,0x00,0x00},// V 54
	{0xF8,0x08,0x00,0xF8,0x00,0x08,0xF8,0x00,0x03,0x3C,0x07,0x00,0x07,0x3C,0x03,0x00},// W 55
	{0x08,0x18,0x68,0x80,0x80,0x68,0x18,0x08,0x20,0x30,0x2C,0x03,0x03,0x2C,0x30,0x20},// X 56
	{0x08,0x38,0xC8,0x00,0xC8,0x38,0x08,0x00,0x00,0x00,0x20,0x3F,0x20,0x00,0x00,0x00},// Y 57
	{0x10,0x08,0x08,0x08,0xC8,0x38,0x08,0x00,0x20,0x38,0x26,0x21,0x20,0x20,0x18,0x00},// Z 58
	{0x00,0x00,0x00,0xFE,0x02,0x02,0x02,0x00,0x00,0x00,0x00,0x7F,0x40,0x40,0x40,0x00},// [ 59
	{0x00,0x0C,0x30,0xC0,0x00,0x00,0x00,0x00,0x00,0x00,0x00,0x01,0x06,0x38,0xC0,0x00},// \ 60
	{0x00,0x02,0x02,0x02,0xFE,0x00,0x00,0x00,0x00,0x40,0x40,0x40,0x7F,0x00,0x00,0x00},// ] 61
	{0x00,0x20,0x10,0x08,0x04,0x08,0x10,0x20,0x00,0x00,0x00,0x00,0x00,0x00,0x00,0x00},// ^ 62
	{0x00,0x00,0x00,0x00,0x00,0x00,0x00,0x00,0x80,0x80,0x80,0x80,0x80,0x80,0x80,0x80},// _ 63
	{0x00,0x02,0x04,0x08,0x00,0x00,0x00,0x00,0x00,0x00,0x00,0x00,0x00,0x00,0x00,0x00},// ` 64
	{0x00,0x00,0x80,0x80,0x80,0x80,0x00,0x00,0x00,0x19,0x24,0x22,0x22,0x22,0x3F,0x20},// a 65
	{0x08,0xF8,0x00,0x80,0x80,0x00,0x00,0x00,0x00,0x3F,0x11,0x20,0x20,0x11,0x0E,0x00},// b 66
	{0x00,0x00,0x00,0x80,0x80,0x80,0x00,0x00,0x00,0x0E,0x11,0x20,0x20,0x20,0x11,0x00},// c 67
	{0x00,0x00,0x00,0x80,0x80,0x88,0xF8,0x00,0x00,0x0E,0x11,0x20,0x20,0x10,0x3F,0x20},// d 68
	{0x00,0x00,0x80,0x80,0x80,0x80,0x00,0x00,0x00,0x1F,0x22,0x22,0x22,0x22,0x13,0x00},// e 69
	{0x00,0x80,0x80,0xF0,0x88,0x88,0x88,0x18,0x00,0x20,0x20,0x3F,0x20,0x20,0x00,0x00},// f 70
	{0x00,0x00,0x80,0x80,0x80,0x80,0x80,0x00,0x00,0x6B,0x94,0x94,0x94,0x93,0x60,0x00},// g 71
	{0x08,0xF8,0x00,0x80,0x80,0x80,0x00,0x00,0x20,0x3F,0x21,0x00,0x00,0x20,0x3F,0x20},// h 72
	{0x00,0x80,0x98,0x98,0x00,0x00,0x00,0x00,0x00,0x20,0x20,0x3F,0x20,0x20,0x00,0x00},// i 73
	{0x00,0x00,0x00,0x80,0x98,0x98,0x00,0x00,0x00,0xC0,0x80,0x80,0x80,0x7F,0x00,0x00},// j 74
	{0x08,0xF8,0x00,0x00,0x80,0x80,0x80,0x00,0x20,0x3F,0x24,0x02,0x2D,0x30,0x20,0x00},// k 75
	{0x00,0x08,0x08,0xF8,0x00,0x00,0x00,0x00,0x00,0x20,0x20,0x3F,0x20,0x20,0x00,0x00},// l 76
	{0x80,0x80,0x80,0x80,0x80,0x80,0x80,0x00,0x20,0x3F,0x20,0x00,0x3F,0x20,0x00,0x3F},// m 77
	{0x00,0x80,0x80,0x00,0x80,0x80,0x00,0x00,0x00,0x20,0x3F,0x21,0x00,0x20,0x3F,0x20},// n 78
	{0x00,0x00,0x80,0x80,0x80,0x80,0x00,0x00,0x00,0x1F,0x20,0x20,0x20,0x20,0x1F,0x00},// o 79
	{0x80,0x80,0x00,0x80,0x80,0x00,0x00,0x00,0x80,0xFF,0xA1,0x20,0x20,0x11,0x0E,0x00},// p 80
	{0x00,0x00,0x00,0x80,0x80,0x80,0x80,0x00,0x00,0x0E,0x11,0x20,0x20,0xA0,0xFF,0x80},// q 81
	{0x80,0x80,0x80,0x00,0x80,0x80,0x80,0x00,0x20,0x20,0x3F,0x21,0x20,0x00,0x01,0x00},// r 82
	{0x00,0x00,0x80,0x80,0x80,0x80,0x80,0x00,0x00,0x33,0x24,0x24,0x24,0x24,0x19,0x00},// s 83
	{0x00,0x80,0x80,0xE0,0x80,0x80,0x00,0x00,0x00,0x00,0x00,0x1F,0x20,0x20,0x00,0x00},// t 84
	{0x80,0x80,0x00,0x00,0x00,0x80,0x80,0x00,0x00,0x1F,0x20,0x20,0x20,0x10,0x3F,0x20},// u 85
	{0x80,0x80,0x80,0x00,0x00,0x80,0x80,0x80,0x00,0x01,0x0E,0x30,0x08,0x06,0x01,0x00},// v 86
	{0x80,0x80,0x00,0x80,0x00,0x80,0x80,0x80,0x0F,0x30,0x0C,0x03,0x0C,0x30,0x0F,0x00},// w 87
	{0x00,0x80,0x80,0x00,0x80,0x80,0x80,0x00,0x00,0x20,0x31,0x2E,0x0E,0x31,0x20,0x00},// x 88
	{0x80,0x80,0x80,0x00,0x00,0x80,0x80,0x80,0x80,0x81,0x8E,0x70,0x18,0x06,0x01,0x00},// y 89
	{0x00,0x80,0x80,0x80,0x80,0x80,0x80,0x00,0x00,0x21,0x30,0x2C,0x22,0x21,0x30,0x00},// z 90
	{0x00,0x00,0x00,0x00,0x80,0x7C,0x02,0x02,0x00,0x00,0x00,0x00,0x00,0x3F,0x40,0x40},// { 91
	{0x00,0x00,0x00,0x00,0xFF,0x00,0x00,0x00,0x00,0x00,0x00,0x00,0xFF,0x00,0x00,0x00},// | 92
	{0x00,0x02,0x02,0x7C,0x80,0x00,0x00,0x00,0x00,0x40,0x40,0x3F,0x00,0x00,0x00,0x00},// } 93
	{0x00,0x80,0x40,0x40,0x80,0x00,0x00,0x80,0x00,0x00,0x00,0x00,0x00,0x01,0x01,0x00},// ~ 94
};

//0m

const uint8_t OLED_F16x32[][64] = {
	
	0x00,0x00,0x00,0x00,0x00,0x00,0x00,0x00,0x00,0x00,0x00,0x00,0x00,0x00,0x00,0x00,0x00,0x00,0x00,0x00,0x00,0x00,0x00,0x00,0x00,0x00,0x00,0x00,0x00,0x00,0x00,0x00,
	0x00,0x00,0x00,0x00,0x00,0x00,0x00,0x00,0x00,0x00,0x00,0x00,0x00,0x00,0x00,0x00,0x00,0x00,0x00,0x00,0x00,0x00,0x00,0x00,0x00,0x00,0x00,0x00,0x00,0x00,0x00,0x00,
	
	0x00,0x00,0x00,0x00,0x00,0x00,0xC0,0xC0,0xC0,0xC0,0x00,0x00,0x00,0x00,0x00,0x00,0x00,0x00,0x00,0x00,0x00,0x00,0x0F,0xFF,0xFF,0x1F,0x00,0x00,0x00,0x00,0x00,0x00,
	0x00,0x00,0x00,0x00,0x00,0x00,0x00,0x1F,0x1F,0x00,0x00,0x00,0x00,0x00,0x00,0x00,0x00,0x00,0x00,0x00,0x00,0x00,0x06,0x0F,0x0F,0x06,0x00,0x00,0x00,0x00,0x00,0x00,
	
	0x00,0x00,0x00,0x80,0xE0,0x78,0x3C,0x1C,0x80,0xE0,0x78,0x3C,0x1C,0x00,0x00,0x00,0x00,0x00,0x03,0x01,0x00,0x00,0x00,0x03,0x01,0x00,0x00,0x00,0x00,0x00,0x00,0x00,
	0x00,0x00,0x00,0x00,0x00,0x00,0x00,0x00,0x00,0x00,0x00,0x00,0x00,0x00,0x00,0x00,0x00,0x00,0x00,0x00,0x00,0x00,0x00,0x00,0x00,0x00,0x00,0x00,0x00,0x00,0x00,0x00,
	
	0x00,0x00,0x00,0x00,0x00,0xC0,0x00,0x00,0x00,0x00,0x00,0x00,0xC0,0x00,0x00,0x00,0x00,0x38,0x38,0x38,0xF8,0x3F,0x38,0x38,0x38,0x38,0x38,0xF8,0x3F,0x38,0x38,0x00,
	0x00,0x70,0x70,0xF0,0xFF,0x70,0x70,0x70,0x70,0x70,0xF0,0xFF,0x70,0x70,0x70,0x00,0x00,0x00,0x00,0x0F,0x00,0x00,0x00,0x00,0x00,0x00,0x0F,0x00,0x00,0x00,0x00,0x00,
	
	0x00,0x00,0x00,0x00,0x80,0x80,0x40,0xF0,0x40,0x40,0x80,0x80,0x00,0x00,0x00,0x00,0x00,0x00,0x00,0x1E,0x7F,0xF0,0xC0,0xFF,0x00,0x00,0x0C,0x0F,0x0F,0x00,0x00,0x00,
	0x00,0x00,0xC0,0xC0,0xC0,0x00,0x01,0xFF,0x07,0x07,0x1E,0xFC,0xF0,0x00,0x00,0x00,0x00,0x00,0x03,0x07,0x04,0x08,0x08,0x7F,0x08,0x0C,0x06,0x03,0x01,0x00,0x00,0x00,
	
	0x00,0x80,0xC0,0x40,0xC0,0x80,0x00,0x00,0x00,0x00,0x00,0xC0,0x00,0x00,0x00,0x00,0x7E,0xFF,0x00,0x00,0x00,0xFF,0x7E,0x00,0xE0,0x1C,0x03,0x00,0x00,0x00,0x00,0x00,
	0x00,0x01,0x03,0x02,0x83,0x61,0x1C,0x03,0xF8,0xFE,0x03,0x01,0x03,0xFE,0xF8,0x00,0x00,0x00,0x00,0x0C,0x03,0x00,0x00,0x00,0x01,0x07,0x0C,0x08,0x0C,0x07,0x01,0x00,
	
	0x00,0x00,0x00,0x80,0xC0,0x40,0x40,0xC0,0x00,0x00,0x00,0x00,0x00,0x00,0x00,0x00,0x00,0x00,0x7F,0xFF,0xC0,0x80,0x60,0x3F,0x0F,0x00,0x00,0x00,0x00,0x00,0x00,0x00,
	0xF8,0xFC,0x03,0x03,0x0F,0x3E,0x78,0xE0,0x80,0x81,0x71,0x0F,0x01,0x01,0x00,0x00,0x01,0x03,0x06,0x0C,0x08,0x08,0x08,0x05,0x03,0x07,0x0E,0x0C,0x0C,0x06,0x03,0x00,
	
	0x00,0x00,0x1C,0x1C,0xFC,0x78,0x00,0x00,0x00,0x00,0x00,0x00,0x00,0x00,0x00,0x00,0x00,0x02,0x03,0x01,0x00,0x00,0x00,0x00,0x00,0x00,0x00,0x00,0x00,0x00,0x00,0x00,
	0x00,0x00,0x00,0x00,0x00,0x00,0x00,0x00,0x00,0x00,0x00,0x00,0x00,0x00,0x00,0x00,0x00,0x00,0x00,0x00,0x00,0x00,0x00,0x00,0x00,0x00,0x00,0x00,0x00,0x00,0x00,0x00,
	
	0x00,0x00,0x00,0x00,0x00,0x00,0x00,0x00,0x00,0x00,0xC0,0x60,0x30,0x08,0x04,0x00,0x00,0x00,0x00,0x00,0x00,0x00,0x00,0xF0,0xFC,0x0F,0x01,0x00,0x00,0x00,0x00,0x00,
	0x00,0x00,0x00,0x00,0x00,0x00,0x00,0x1F,0x7F,0xE0,0x00,0x00,0x00,0x00,0x00,0x00,0x00,0x00,0x00,0x00,0x00,0x00,0x00,0x00,0x00,0x01,0x07,0x0C,0x18,0x20,0x40,0x00,
	
	0x00,0x04,0x08,0x30,0x60,0xC0,0x00,0x00,0x00,0x00,0x00,0x00,0x00,0x00,0x00,0x00,0x00,0x00,0x00,0x00,0x00,0x01,0x0F,0xFC,0xF0,0x00,0x00,0x00,0x00,0x00,0x00,0x00,
	0x00,0x00,0x00,0x00,0x00,0x00,0xE0,0xFF,0x1F,0x00,0x00,0x00,0x00,0x00,0x00,0x00,0x00,0x40,0x20,0x18,0x0C,0x07,0x01,0x00,0x00,0x00,0x00,0x00,0x00,0x00,0x00,0x00,
	
	0x00,0x00,0x00,0x00,0x00,0x00,0x00,0x00,0x00,0x00,0x00,0x00,0x00,0x00,0x00,0x00,0x00,0x00,0x18,0x38,0x30,0x60,0x40,0x86,0xFF,0x8F,0x40,0x60,0x30,0x38,0x18,0x00,
	0x00,0x00,0x18,0x1C,0x0C,0x06,0x02,0xF1,0xFF,0xE1,0x02,0x06,0x0C,0x1C,0x18,0x00,0x00,0x00,0x00,0x00,0x00,0x00,0x00,0x00,0x00,0x00,0x00,0x00,0x00,0x00,0x00,0x00,
	
	0x00,0x00,0x00,0x00,0x00,0x00,0x00,0x00,0x00,0x00,0x00,0x00,0x00,0x00,0x00,0x00,0x00,0x00,0x00,0x00,0x00,0x00,0x00,0x00,0xFE,0x00,0x00,0x00,0x00,0x00,0x00,0x00,
	0x00,0x00,0x01,0x01,0x01,0x01,0x01,0x01,0xFF,0x01,0x01,0x01,0x01,0x01,0x01,0x00,0x00,0x00,0x00,0x00,0x00,0x00,0x00,0x00,0x00,0x00,0x00,0x00,0x00,0x00,0x00,0x00,
	
	0x00,0x00,0x00,0x00,0x00,0x00,0x00,0x00,0x00,0x00,0x00,0x00,0x00,0x00,0x00,0x00,0x00,0x00,0x00,0x00,0x00,0x00,0x00,0x00,0x00,0x00,0x00,0x00,0x00,0x00,0x00,0x00,
	0x00,0x00,0x00,0x00,0x00,0x00,0x00,0x00,0x00,0x00,0x00,0x00,0x00,0x00,0x00,0x00,0x00,0x80,0xC7,0x47,0x3F,0x1E,0x00,0x00,0x00,0x00,0x00,0x00,0x00,0x00,0x00,0x00,
	
	0x00,0x00,0x00,0x00,0x00,0x00,0x00,0x00,0x00,0x00,0x00,0x00,0x00,0x00,0x00,0x00,0x00,0x00,0x00,0x00,0x00,0x00,0x00,0x00,0x00,0x00,0x00,0x00,0x00,0x00,0x00,0x00,
	0x00,0x01,0x01,0x01,0x01,0x01,0x01,0x01,0x01,0x01,0x01,0x01,0x01,0x01,0x01,0x00,0x00,0x00,0x00,0x00,0x00,0x00,0x00,0x00,0x00,0x00,0x00,0x00,0x00,0x00,0x00,0x00,
	
	0x00,0x00,0x00,0x00,0x00,0x00,0x00,0x00,0x00,0x00,0x00,0x00,0x00,0x00,0x00,0x00,0x00,0x00,0x00,0x00,0x00,0x00,0x00,0x00,0x00,0x00,0x00,0x00,0x00,0x00,0x00,0x00,
	0x00,0x00,0x00,0x00,0x00,0x00,0x00,0x00,0x00,0x00,0x00,0x00,0x00,0x00,0x00,0x00,0x00,0x00,0x06,0x0F,0x0F,0x06,0x00,0x00,0x00,0x00,0x00,0x00,0x00,0x00,0x00,0x00,
	
	0x00,0x00,0x00,0x00,0x00,0x00,0x00,0x00,0x00,0x00,0x00,0x00,0xC0,0x70,0x18,0x00,0x00,0x00,0x00,0x00,0x00,0x00,0x00,0x00,0xC0,0x70,0x1C,0x07,0x01,0x00,0x00,0x00,
	0x00,0x00,0x00,0x00,0xC0,0x70,0x1C,0x07,0x01,0x00,0x00,0x00,0x00,0x00,0x00,0x00,0x00,0x30,0x1C,0x07,0x01,0x00,0x00,0x00,0x00,0x00,0x00,0x00,0x00,0x00,0x00,0x00,
	
	0x00,0x00,0x00,0x00,0x00,0x80,0xC0,0x40,0x40,0x40,0x80,0x00,0x00,0x00,0x00,0x00,0x00,0x00,0xF0,0xFE,0x0F,0x01,0x00,0x00,0x00,0x00,0x01,0x07,0xFE,0xF0,0x00,0x00,
	0x00,0x00,0x3F,0xFF,0xC0,0x00,0x00,0x00,0x00,0x00,0x00,0x80,0xFF,0x3F,0x00,0x00,0x00,0x00,0x00,0x01,0x03,0x06,0x0C,0x08,0x08,0x08,0x06,0x03,0x01,0x00,0x00,0x00,
	
	0x00,0x00,0x00,0x00,0x00,0x00,0x00,0x80,0xC0,0x00,0x00,0x00,0x00,0x00,0x00,0x00,0x00,0x00,0x00,0x01,0x01,0x01,0x01,0xFF,0xFF,0x00,0x00,0x00,0x00,0x00,0x00,0x00,
	0x00,0x00,0x00,0x00,0x00,0x00,0x00,0xFF,0xFF,0x00,0x00,0x00,0x00,0x00,0x00,0x00,0x00,0x00,0x00,0x08,0x08,0x08,0x0C,0x0F,0x0F,0x0C,0x08,0x08,0x08,0x00,0x00,0x00,
	
	0x00,0x00,0x00,0x00,0x80,0x40,0x40,0x40,0x40,0x40,0xC0,0x80,0x80,0x00,0x00,0x00,0x00,0x00,0x1E,0x19,0x00,0x00,0x00,0x00,0x00,0x00,0x00,0xC1,0xFF,0x3E,0x00,0x00,
	0x00,0x00,0x00,0x00,0x80,0x40,0x30,0x18,0x0C,0x06,0x03,0x01,0x00,0xC0,0x00,0x00,0x00,0x00,0x0E,0x0D,0x0C,0x0C,0x0C,0x0C,0x0C,0x0C,0x0C,0x0C,0x0E,0x03,0x00,0x00,
	
	0x00,0x00,0x00,0x80,0x80,0x40,0x40,0x40,0x40,0xC0,0x80,0x00,0x00,0x00,0x00,0x00,0x00,0x00,0x0F,0x0F,0x00,0x00,0x00,0x00,0x00,0x80,0xC1,0x7F,0x3E,0x00,0x00,0x00,
	0x00,0x00,0xC0,0xC0,0x00,0x00,0x01,0x01,0x01,0x03,0x02,0x06,0xFC,0xF0,0x00,0x00,0x00,0x00,0x03,0x07,0x04,0x08,0x08,0x08,0x08,0x08,0x04,0x06,0x03,0x00,0x00,0x00,
	
	0x00,0x00,0x00,0x00,0x00,0x00,0x00,0x00,0x00,0xC0,0xC0,0x00,0x00,0x00,0x00,0x00,0x00,0x00,0x00,0x00,0x80,0x60,0x10,0x0C,0x03,0xFF,0xFF,0x00,0x00,0x00,0x00,0x00,
	0x00,0x30,0x2C,0x26,0x21,0x20,0x20,0x20,0x20,0xFF,0xFF,0x20,0x20,0x20,0x00,0x00,0x00,0x00,0x00,0x00,0x00,0x00,0x08,0x08,0x08,0x0F,0x0F,0x08,0x08,0x08,0x00,0x00,
	
	0x00,0x00,0x00,0x00,0xC0,0xC0,0xC0,0xC0,0xC0,0xC0,0xC0,0xC0,0xC0,0xC0,0x00,0x00,0x00,0x00,0x00,0xFF,0x00,0x80,0x40,0x40,0x40,0x40,0xC0,0x80,0x00,0x00,0x00,0x00,
	0x00,0x00,0xC0,0xC3,0x01,0x00,0x00,0x00,0x00,0x00,0x00,0x01,0xFF,0xFC,0x00,0x00,0x00,0x00,0x03,0x04,0x04,0x08,0x08,0x08,0x08,0x08,0x04,0x07,0x03,0x00,0x00,0x00,
	
	0x00,0x00,0x00,0x00,0x00,0x80,0x80,0x40,0x40,0x40,0x40,0x80,0x80,0x00,0x00,0x00,0x00,0x00,0xE0,0xFC,0x07,0x81,0xC0,0x40,0x40,0x40,0xC0,0x83,0x03,0x00,0x00,0x00,
	0x00,0x00,0x7F,0xFF,0x83,0x00,0x00,0x00,0x00,0x00,0x00,0x01,0xFF,0xFC,0x00,0x00,0x00,0x00,0x00,0x01,0x07,0x06,0x0C,0x08,0x08,0x08,0x0C,0x06,0x03,0x00,0x00,0x00,
	
	0x00,0x00,0x00,0xC0,0xC0,0xC0,0xC0,0xC0,0xC0,0xC0,0xC0,0xC0,0xC0,0xC0,0x00,0x00,0x00,0x00,0x0E,0x03,0x00,0x00,0x00,0x00,0x00,0xE0,0x18,0x06,0x01,0x00,0x00,0x00,
	0x00,0x00,0x00,0x00,0x00,0x00,0xC0,0xFC,0x03,0x00,0x00,0x00,0x00,0x00,0x00,0x00,0x00,0x00,0x00,0x00,0x00,0x00,0x0F,0x0F,0x00,0x00,0x00,0x00,0x00,0x00,0x00,0x00,
	
	0x00,0x00,0x00,0x00,0x80,0xC0,0x40,0x40,0x40,0x40,0xC0,0x80,0x00,0x00,0x00,0x00,0x00,0x00,0x3E,0x7F,0xF1,0xC0,0xC0,0x80,0x00,0x00,0x80,0x41,0x7F,0x1E,0x00,0x00,
	0x00,0xF0,0xFC,0x0E,0x02,0x01,0x01,0x01,0x03,0x07,0x0E,0x1E,0xFC,0xF0,0x00,0x00,0x00,0x01,0x03,0x06,0x04,0x08,0x08,0x08,0x08,0x08,0x04,0x06,0x03,0x01,0x00,0x00,
	
	0x00,0x00,0x00,0x80,0x80,0x40,0x40,0x40,0x40,0x40,0x80,0x00,0x00,0x00,0x00,0x00,0x00,0xFC,0xFF,0x03,0x00,0x00,0x00,0x00,0x00,0x00,0x00,0x03,0xFE,0xF8,0x00,0x00,
	0x00,0x01,0x03,0x07,0x0C,0x08,0x08,0x08,0x08,0x04,0x06,0xE1,0x7F,0x1F,0x00,0x00,0x00,0x00,0x07,0x07,0x08,0x08,0x08,0x08,0x0C,0x06,0x03,0x01,0x00,0x00,0x00,0x00,
	
	0x00,0x00,0x00,0x00,0x00,0x00,0x00,0x00,0x00,0x00,0x00,0x00,0x00,0x00,0x00,0x00,0x00,0x00,0x00,0x00,0x00,0x00,0xC0,0xE0,0xE0,0xC0,0x00,0x00,0x00,0x00,0x00,0x00,
	0x00,0x00,0x00,0x00,0x00,0x00,0x00,0x01,0x01,0x00,0x00,0x00,0x00,0x00,0x00,0x00,0x00,0x00,0x00,0x00,0x00,0x00,0x06,0x0F,0x0F,0x06,0x00,0x00,0x00,0x00,0x00,0x00,
	
	0x00,0x00,0x00,0x00,0x00,0x00,0x00,0x00,0x00,0x00,0x00,0x00,0x00,0x00,0x00,0x00,0x00,0x00,0x00,0x00,0x00,0x00,0xC0,0xC0,0xC0,0x00,0x00,0x00,0x00,0x00,0x00,0x00,
	0x00,0x00,0x00,0x00,0x00,0x00,0x01,0x01,0x01,0x00,0x00,0x00,0x00,0x00,0x00,0x00,0x00,0x00,0x00,0x00,0x00,0x00,0x6E,0x7E,0x1E,0x00,0x00,0x00,0x00,0x00,0x00,0x00,
	
	0x00,0x00,0x00,0x00,0x00,0x00,0x00,0x00,0x00,0x00,0x00,0x00,0x80,0x40,0x00,0x00,0x00,0x00,0x00,0x00,0x80,0x40,0x20,0x10,0x08,0x04,0x02,0x01,0x00,0x00,0x00,0x00,
	0x00,0x00,0x00,0x03,0x04,0x08,0x10,0x20,0x40,0x80,0x00,0x00,0x00,0x00,0x00,0x00,0x00,0x00,0x00,0x00,0x00,0x00,0x00,0x00,0x00,0x00,0x01,0x02,0x04,0x08,0x00,0x00,
	
	0x00,0x00,0x00,0x00,0x00,0x00,0x00,0x00,0x00,0x00,0x00,0x00,0x00,0x00,0x00,0x00,0x00,0x20,0x20,0x20,0x20,0x20,0x20,0x20,0x20,0x20,0x20,0x20,0x20,0x20,0x20,0x00,
	0x00,0x08,0x08,0x08,0x08,0x08,0x08,0x08,0x08,0x08,0x08,0x08,0x08,0x08,0x08,0x00,0x00,0x00,0x00,0x00,0x00,0x00,0x00,0x00,0x00,0x00,0x00,0x00,0x00,0x00,0x00,0x00,
	
	0x00,0x00,0x40,0x80,0x00,0x00,0x00,0x00,0x00,0x00,0x00,0x00,0x00,0x00,0x00,0x00,0x00,0x00,0x00,0x00,0x01,0x02,0x04,0x08,0x10,0x20,0x40,0x80,0x00,0x00,0x00,0x00,
	0x00,0x00,0x00,0x00,0x00,0x00,0x80,0x40,0x20,0x10,0x08,0x04,0x03,0x00,0x00,0x00,0x00,0x00,0x08,0x04,0x02,0x01,0x00,0x00,0x00,0x00,0x00,0x00,0x00,0x00,0x00,0x00,
	
	0x00,0x00,0x00,0x00,0x80,0x80,0x40,0x40,0x40,0x40,0x40,0x80,0x80,0x00,0x00,0x00,0x00,0x00,0x3C,0x3F,0x39,0x00,0x00,0x00,0x00,0x00,0x00,0x80,0xC1,0x7F,0x3E,0x00,
	0x00,0x00,0x00,0x00,0x00,0x00,0x00,0x00,0x3E,0x03,0x01,0x01,0x00,0x00,0x00,0x00,0x00,0x00,0x00,0x00,0x00,0x00,0x06,0x0F,0x0F,0x06,0x00,0x00,0x00,0x00,0x00,0x00,
	
	0x00,0x00,0x00,0x00,0x00,0x80,0xC0,0x40,0x40,0x40,0x40,0x80,0x00,0x00,0x00,0x00,0x00,0xE0,0xFC,0x0E,0x03,0x81,0xE0,0x78,0x0C,0x04,0xF8,0x3C,0x01,0x06,0xF8,0x00,
	0x00,0x1F,0xFF,0xC0,0x00,0x3F,0x7F,0x40,0x20,0x3C,0x7F,0x40,0x20,0x18,0x87,0x00,0x00,0x00,0x00,0x03,0x06,0x04,0x08,0x08,0x08,0x08,0x08,0x04,0x06,0x03,0x00,0x00,
	
	0x00,0x00,0x00,0x00,0x00,0x00,0xC0,0xC0,0xC0,0x00,0x00,0x00,0x00,0x00,0x00,0x00,0x00,0x00,0x00,0x00,0xC0,0x7C,0x03,0x03,0x3F,0xFC,0x80,0x00,0x00,0x00,0x00,0x00,
	0x00,0x00,0x80,0x7C,0x0F,0x08,0x08,0x08,0x08,0x0B,0x7F,0xF8,0x80,0x00,0x00,0x00,0x08,0x0C,0x0F,0x08,0x08,0x00,0x00,0x00,0x00,0x00,0x08,0x0F,0x0F,0x0C,0x08,0x00,
	
	0x00,0x40,0x40,0xC0,0xC0,0x40,0x40,0x40,0x40,0x40,0xC0,0x80,0x80,0x00,0x00,0x00,0x00,0x00,0x00,0xFF,0xFF,0x00,0x00,0x00,0x00,0x00,0x80,0xC1,0x7F,0x3E,0x00,0x00,
	0x00,0x00,0x00,0xFF,0xFF,0x01,0x01,0x01,0x01,0x01,0x01,0x02,0x06,0xFC,0xF0,0x00,0x00,0x08,0x08,0x0F,0x0F,0x08,0x08,0x08,0x08,0x08,0x08,0x0C,0x06,0x03,0x01,0x00,
	
	0x00,0x00,0x00,0x00,0x00,0x80,0xC0,0x40,0x40,0x40,0x40,0x80,0x80,0x80,0x00,0x00,0x00,0xE0,0xFC,0x1E,0x03,0x00,0x00,0x00,0x00,0x00,0x00,0x00,0x01,0x03,0x0E,0x00,
	0x00,0x3F,0xFF,0xC0,0x00,0x00,0x00,0x00,0x00,0x00,0x00,0x00,0x00,0x00,0xC0,0x00,0x00,0x00,0x00,0x03,0x06,0x04,0x08,0x08,0x08,0x08,0x08,0x04,0x02,0x01,0x00,0x00,
	
	0x00,0x40,0x40,0xC0,0xC0,0x40,0x40,0x40,0x40,0xC0,0x80,0x80,0x00,0x00,0x00,0x00,0x00,0x00,0x00,0xFF,0xFF,0x00,0x00,0x00,0x00,0x00,0x00,0x01,0x0F,0xFC,0xF0,0x00,
	0x00,0x00,0x00,0xFF,0xFF,0x00,0x00,0x00,0x00,0x00,0x00,0x00,0xC0,0xFF,0x1F,0x00,0x00,0x08,0x08,0x0F,0x0F,0x08,0x08,0x08,0x08,0x0C,0x04,0x03,0x03,0x00,0x00,0x00,
	
	0x00,0x40,0x40,0xC0,0xC0,0x40,0x40,0x40,0x40,0x40,0x40,0x40,0xC0,0xC0,0x00,0x00,0x00,0x00,0x00,0xFF,0xFF,0x00,0x00,0x00,0x00,0x00,0x80,0xE0,0x00,0x01,0x06,0x00,
	0x00,0x00,0x00,0xFF,0xFF,0x01,0x01,0x01,0x01,0x01,0x03,0x0F,0x00,0x00,0x80,0x00,0x00,0x08,0x08,0x0F,0x0F,0x08,0x08,0x08,0x08,0x08,0x08,0x08,0x0C,0x0E,0x01,0x00,
	
	0x00,0x40,0x40,0xC0,0xC0,0x40,0x40,0x40,0x40,0x40,0x40,0xC0,0xC0,0xC0,0x00,0x00,0x00,0x00,0x00,0xFF,0xFF,0x00,0x00,0x00,0x00,0x00,0x80,0xE0,0x00,0x01,0x06,0x00,
	0x00,0x00,0x00,0xFF,0xFF,0x01,0x01,0x01,0x01,0x01,0x03,0x1F,0x00,0x00,0x00,0x00,0x00,0x08,0x08,0x0F,0x0F,0x08,0x08,0x00,0x00,0x00,0x00,0x00,0x00,0x00,0x00,0x00,
	
	0x00,0x00,0x00,0x00,0x80,0x80,0x40,0x40,0x40,0x40,0x80,0x80,0x00,0x00,0x00,0x00,0x00,0xE0,0xFC,0x0E,0x03,0x00,0x00,0x00,0x00,0x00,0x00,0x03,0x0E,0x00,0x00,0x00,
	0x00,0x1F,0xFF,0xC0,0x00,0x00,0x00,0x00,0x00,0x04,0x04,0xFC,0xFC,0x04,0x04,0x00,0x00,0x00,0x00,0x03,0x06,0x0C,0x08,0x08,0x08,0x08,0x04,0x03,0x03,0x00,0x00,0x00,
	
	0x40,0x40,0xC0,0xC0,0x40,0x40,0x00,0x00,0x00,0x00,0x40,0x40,0xC0,0xC0,0x40,0x40,0x00,0x00,0xFF,0xFF,0x00,0x00,0x00,0x00,0x00,0x00,0x00,0x00,0xFF,0xFF,0x00,0x00,
	0x00,0x00,0xFF,0xFF,0x01,0x01,0x01,0x01,0x01,0x01,0x01,0x01,0xFF,0xFF,0x00,0x00,0x08,0x08,0x0F,0x0F,0x08,0x08,0x00,0x00,0x00,0x00,0x08,0x08,0x0F,0x0F,0x08,0x08,
	
	0x00,0x00,0x00,0x40,0x40,0x40,0x40,0xC0,0xC0,0x40,0x40,0x40,0x40,0x00,0x00,0x00,0x00,0x00,0x00,0x00,0x00,0x00,0x00,0xFF,0xFF,0x00,0x00,0x00,0x00,0x00,0x00,0x00,
	0x00,0x00,0x00,0x00,0x00,0x00,0x00,0xFF,0xFF,0x00,0x00,0x00,0x00,0x00,0x00,0x00,0x00,0x00,0x00,0x08,0x08,0x08,0x08,0x0F,0x0F,0x08,0x08,0x08,0x08,0x00,0x00,0x00,
	
	0x00,0x00,0x00,0x00,0x00,0x40,0x40,0x40,0x40,0xC0,0xC0,0x40,0x40,0x40,0x40,0x00,0x00,0x00,0x00,0x00,0x00,0x00,0x00,0x00,0x00,0xFF,0xFF,0x00,0x00,0x00,0x00,0x00,
	0x00,0x00,0x00,0x00,0x00,0x00,0x00,0x00,0x00,0xFF,0xFF,0x00,0x00,0x00,0x00,0x00,0x00,0x70,0xF0,0xF0,0x80,0x80,0x80,0xC0,0x60,0x3F,0x1F,0x00,0x00,0x00,0x00,0x00,
	
	0x00,0x40,0x40,0xC0,0xC0,0x40,0x40,0x00,0x00,0x40,0xC0,0xC0,0x40,0x40,0x00,0x00,0x00,0x00,0x00,0xFF,0xFF,0x00,0x80,0xE0,0x18,0x06,0x03,0x00,0x00,0x00,0x00,0x00,
	0x00,0x00,0x00,0xFF,0xFF,0x03,0x00,0x03,0x0F,0x3C,0xF0,0xC0,0x00,0x00,0x00,0x00,0x00,0x08,0x08,0x0F,0x0F,0x08,0x08,0x00,0x00,0x00,0x09,0x0F,0x0E,0x08,0x08,0x00,
	
	0x00,0x40,0x40,0xC0,0xC0,0x40,0x40,0x00,0x00,0x00,0x00,0x00,0x00,0x00,0x00,0x00,0x00,0x00,0x00,0xFF,0xFF,0x00,0x00,0x00,0x00,0x00,0x00,0x00,0x00,0x00,0x00,0x00,
	0x00,0x00,0x00,0xFF,0xFF,0x00,0x00,0x00,0x00,0x00,0x00,0x00,0x00,0x00,0x80,0x00,0x00,0x08,0x08,0x0F,0x0F,0x08,0x08,0x08,0x08,0x08,0x08,0x08,0x0C,0x0E,0x01,0x00,
	
	0x40,0x40,0xC0,0xC0,0x80,0x00,0x00,0x00,0x00,0x00,0x00,0x80,0xC0,0xC0,0x40,0x40,0x00,0x00,0xFF,0x0F,0xFF,0xF0,0x00,0x00,0x00,0x80,0x78,0x07,0xFF,0xFF,0x00,0x00,
	0x00,0x00,0xFF,0x00,0x01,0x1F,0xFE,0xC0,0xF0,0x0F,0x00,0x00,0xFF,0xFF,0x00,0x00,0x08,0x08,0x0F,0x08,0x00,0x00,0x03,0x0F,0x00,0x00,0x08,0x08,0x0F,0x0F,0x08,0x08,
	
	0x40,0x40,0xC0,0xC0,0x80,0x00,0x00,0x00,0x00,0x00,0x00,0x40,0x40,0xC0,0x40,0x40,0x00,0x00,0xFF,0x01,0x07,0x1E,0x78,0xE0,0x80,0x00,0x00,0x00,0x00,0xFF,0x00,0x00,
	0x00,0x00,0xFF,0x00,0x00,0x00,0x00,0x01,0x07,0x1E,0x78,0xE0,0x80,0xFF,0x00,0x00,0x08,0x08,0x0F,0x08,0x08,0x00,0x00,0x00,0x00,0x00,0x00,0x01,0x07,0x0F,0x00,0x00,
	
	0x00,0x00,0x00,0x00,0x80,0x80,0x40,0x40,0x40,0x40,0x80,0x80,0x00,0x00,0x00,0x00,0x00,0xF0,0xFC,0x0F,0x01,0x00,0x00,0x00,0x00,0x00,0x00,0x01,0x0F,0xFC,0xE0,0x00,
	0x00,0x1F,0xFF,0xC0,0x00,0x00,0x00,0x00,0x00,0x00,0x00,0x00,0xC0,0xFF,0x3F,0x00,0x00,0x00,0x00,0x03,0x06,0x04,0x08,0x08,0x08,0x08,0x04,0x06,0x03,0x00,0x00,0x00,
	
	0x00,0x40,0x40,0xC0,0xC0,0x40,0x40,0x40,0x40,0x40,0x40,0xC0,0x80,0x00,0x00,0x00,0x00,0x00,0x00,0xFF,0xFF,0x00,0x00,0x00,0x00,0x00,0x00,0x00,0x81,0xFF,0x7E,0x00,
	0x00,0x00,0x00,0xFF,0xFF,0x02,0x02,0x02,0x02,0x02,0x02,0x01,0x01,0x00,0x00,0x00,0x00,0x08,0x08,0x0F,0x0F,0x08,0x08,0x00,0x00,0x00,0x00,0x00,0x00,0x00,0x00,0x00,
	
	0x00,0x00,0x00,0x00,0x80,0x80,0x40,0x40,0x40,0x40,0x80,0x80,0x00,0x00,0x00,0x00,0x00,0xF0,0xFC,0x0F,0x01,0x00,0x00,0x00,0x00,0x00,0x00,0x01,0x0F,0xFC,0xF0,0x00,
	0x00,0x3F,0xFF,0x80,0x80,0x40,0x40,0x40,0xC0,0x80,0x00,0x00,0x80,0xFF,0x3F,0x00,0x00,0x00,0x01,0x03,0x07,0x04,0x08,0x08,0x08,0x0F,0x3F,0x76,0x63,0x61,0x10,0x00,
	
	0x00,0x40,0x40,0xC0,0xC0,0x40,0x40,0x40,0x40,0x40,0xC0,0x80,0x80,0x00,0x00,0x00,0x00,0x00,0x00,0xFF,0xFF,0x00,0x00,0x00,0x00,0x00,0x80,0xC1,0x7F,0x3E,0x00,0x00,
	0x00,0x00,0x00,0xFF,0xFF,0x01,0x01,0x01,0x07,0x3F,0xF9,0xC0,0x00,0x00,0x00,0x00,0x00,0x08,0x08,0x0F,0x0F,0x08,0x08,0x00,0x00,0x00,0x01,0x0F,0x0E,0x08,0x08,0x00,
	
	0x00,0x00,0x00,0x80,0xC0,0x40,0x40,0x40,0x40,0xC0,0x80,0x80,0xC0,0x00,0x00,0x00,0x00,0x3E,0x7F,0xE1,0xC0,0xC0,0x80,0x80,0x00,0x00,0x00,0x03,0x0F,0x00,0x00,0x00,
	0x00,0xE0,0x80,0x00,0x00,0x01,0x01,0x03,0x03,0x07,0x06,0x1E,0xFC,0xF0,0x00,0x00,0x00,0x00,0x0F,0x06,0x04,0x08,0x08,0x08,0x08,0x08,0x0C,0x06,0x03,0x01,0x00,0x00,
	
	0x00,0x00,0xC0,0xC0,0x40,0x40,0x40,0xC0,0xC0,0x40,0x40,0x40,0x40,0xC0,0x00,0x00,0x00,0x06,0x01,0x00,0x00,0x00,0x00,0xFF,0xFF,0x00,0x00,0x00,0x00,0x01,0x07,0x00,
	0x00,0x00,0x00,0x00,0x00,0x00,0x00,0xFF,0xFF,0x00,0x00,0x00,0x00,0x00,0x00,0x00,0x00,0x00,0x00,0x00,0x00,0x08,0x08,0x0F,0x0F,0x08,0x08,0x00,0x00,0x00,0x00,0x00,
	
	0x40,0x40,0xC0,0xC0,0x40,0x40,0x00,0x00,0x00,0x00,0x40,0x40,0xC0,0x40,0x40,0x00,0x00,0x00,0xFF,0xFF,0x00,0x00,0x00,0x00,0x00,0x00,0x00,0x00,0xFF,0x00,0x00,0x00,
	0x00,0x00,0xFF,0xFF,0x00,0x00,0x00,0x00,0x00,0x00,0x00,0x00,0xFF,0x00,0x00,0x00,0x00,0x00,0x01,0x07,0x06,0x0C,0x08,0x08,0x08,0x08,0x04,0x02,0x01,0x00,0x00,0x00,
	
	0x00,0x40,0x40,0xC0,0xC0,0x40,0x00,0x00,0x00,0x00,0x00,0x40,0xC0,0xC0,0x40,0x00,0x00,0x00,0x00,0x07,0xFF,0xF8,0x00,0x00,0x00,0x00,0x80,0x78,0x07,0x00,0x00,0x00,
	0x00,0x00,0x00,0x00,0x00,0x0F,0xFF,0xF0,0x80,0x78,0x07,0x00,0x00,0x00,0x00,0x00,0x00,0x00,0x00,0x00,0x00,0x00,0x00,0x0F,0x03,0x00,0x00,0x00,0x00,0x00,0x00,0x00,
	
	0x40,0xC0,0xC0,0x40,0x00,0x00,0x40,0xC0,0xC0,0x40,0x00,0x00,0x40,0xC0,0xC0,0x40,0x00,0x01,0xFF,0xF8,0x00,0x00,0x00,0xF3,0xFF,0xF8,0x00,0x00,0xC0,0x3F,0x00,0x00,
	0x00,0x00,0x00,0x3F,0xFC,0xE0,0x1E,0x01,0x01,0xFF,0xFC,0xF0,0x0F,0x00,0x00,0x00,0x00,0x00,0x00,0x00,0x0F,0x03,0x00,0x00,0x00,0x00,0x0F,0x01,0x00,0x00,0x00,0x00,
	
	0x00,0x40,0x40,0xC0,0xC0,0x40,0x00,0x00,0x00,0x00,0x40,0x40,0xC0,0x40,0x40,0x00,0x00,0x00,0x00,0x01,0x07,0x1E,0x78,0xE0,0xC0,0x30,0x0C,0x03,0x00,0x00,0x00,0x00,
	0x00,0x00,0x00,0x00,0x80,0x60,0x18,0x07,0x0F,0x7C,0xF0,0xC0,0x00,0x00,0x00,0x00,0x00,0x08,0x08,0x0E,0x0B,0x08,0x00,0x00,0x00,0x00,0x09,0x0F,0x0E,0x0C,0x08,0x00,
	
	0x00,0x40,0xC0,0xC0,0xC0,0x40,0x40,0x00,0x00,0x00,0x40,0x40,0xC0,0x40,0x40,0x00,0x00,0x00,0x00,0x03,0x1F,0x7C,0xE0,0x80,0x00,0x80,0x70,0x0E,0x01,0x00,0x00,0x00,
	0x00,0x00,0x00,0x00,0x00,0x00,0x03,0xFF,0xFE,0x01,0x00,0x00,0x00,0x00,0x00,0x00,0x00,0x00,0x00,0x00,0x00,0x08,0x08,0x0F,0x0F,0x08,0x08,0x00,0x00,0x00,0x00,0x00,
	
	0x00,0x00,0x00,0xC0,0xC0,0xC0,0x40,0x40,0x40,0x40,0x40,0x40,0xC0,0xC0,0x40,0x00,0x00,0x00,0x06,0x03,0x01,0x00,0x00,0x00,0xC0,0xF0,0x38,0x0E,0x07,0x01,0x00,0x00,
	0x00,0x00,0x00,0x80,0xC0,0x70,0x3C,0x0F,0x03,0x00,0x00,0x00,0x00,0x00,0x80,0x00,0x00,0x08,0x0E,0x0F,0x09,0x08,0x08,0x08,0x08,0x08,0x08,0x0C,0x0C,0x0F,0x01,0x00,
	
	0x00,0x00,0x00,0x00,0x00,0x00,0xF8,0xF8,0x08,0x08,0x08,0x08,0x08,0x08,0x00,0x00,0x00,0x00,0x00,0x00,0x00,0x00,0xFF,0xFF,0x00,0x00,0x00,0x00,0x00,0x00,0x00,0x00,
	0x00,0x00,0x00,0x00,0x00,0x00,0xFF,0xFF,0x00,0x00,0x00,0x00,0x00,0x00,0x00,0x00,0x00,0x00,0x00,0x00,0x00,0x00,0x3F,0x3F,0x20,0x20,0x20,0x20,0x20,0x20,0x00,0x00,
	
	0x00,0x00,0x00,0x60,0xE0,0x00,0x00,0x00,0x00,0x00,0x00,0x00,0x00,0x00,0x00,0x00,0x00,0x00,0x00,0x00,0x01,0x0F,0x3C,0xE0,0x80,0x00,0x00,0x00,0x00,0x00,0x00,0x00,
	0x00,0x00,0x00,0x00,0x00,0x00,0x00,0x01,0x07,0x3C,0xF0,0xC0,0x00,0x00,0x00,0x00,0x00,0x00,0x00,0x00,0x00,0x00,0x00,0x00,0x00,0x00,0x01,0x07,0x3E,0x78,0x40,0x00,
	
	0x00,0x00,0x08,0x08,0x08,0x08,0x08,0x08,0xF8,0xF8,0x00,0x00,0x00,0x00,0x00,0x00,0x00,0x00,0x00,0x00,0x00,0x00,0x00,0x00,0xFF,0xFF,0x00,0x00,0x00,0x00,0x00,0x00,
	0x00,0x00,0x00,0x00,0x00,0x00,0x00,0x00,0xFF,0xFF,0x00,0x00,0x00,0x00,0x00,0x00,0x00,0x00,0x20,0x20,0x20,0x20,0x20,0x20,0x3F,0x3F,0x00,0x00,0x00,0x00,0x00,0x00,
	
	0x00,0x00,0x00,0x00,0x20,0x10,0x1C,0x0C,0x0C,0x0C,0x18,0x20,0x00,0x00,0x00,0x00,0x00,0x00,0x00,0x00,0x00,0x00,0x00,0x00,0x00,0x00,0x00,0x00,0x00,0x00,0x00,0x00,
	0x00,0x00,0x00,0x00,0x00,0x00,0x00,0x00,0x00,0x00,0x00,0x00,0x00,0x00,0x00,0x00,0x00,0x00,0x00,0x00,0x00,0x00,0x00,0x00,0x00,0x00,0x00,0x00,0x00,0x00,0x00,0x00,
	
	0x00,0x00,0x00,0x00,0x00,0x00,0x00,0x00,0x00,0x00,0x00,0x00,0x00,0x00,0x00,0x00,0x00,0x00,0x00,0x00,0x00,0x00,0x00,0x00,0x00,0x00,0x00,0x00,0x00,0x00,0x00,0x00,
	0x00,0x00,0x00,0x00,0x00,0x00,0x00,0x00,0x00,0x00,0x00,0x00,0x00,0x00,0x00,0x00,0x80,0x80,0x80,0x80,0x80,0x80,0x80,0x80,0x80,0x80,0x80,0x80,0x80,0x80,0x80,0x80,
	
	0x00,0x00,0x00,0x04,0x04,0x04,0x0C,0x08,0x10,0x00,0x00,0x00,0x00,0x00,0x00,0x00,0x00,0x00,0x00,0x00,0x00,0x00,0x00,0x00,0x00,0x00,0x00,0x00,0x00,0x00,0x00,0x00,
	0x00,0x00,0x00,0x00,0x00,0x00,0x00,0x00,0x00,0x00,0x00,0x00,0x00,0x00,0x00,0x00,0x00,0x00,0x00,0x00,0x00,0x00,0x00,0x00,0x00,0x00,0x00,0x00,0x00,0x00,0x00,0x00,
	
	0x00,0x00,0x00,0x00,0x00,0x00,0x00,0x00,0x00,0x00,0x00,0x00,0x00,0x00,0x00,0x00,0x00,0x00,0x80,0xC0,0x40,0x20,0x20,0x20,0x20,0x20,0x60,0xC0,0x80,0x00,0x00,0x00,
	0x00,0xC0,0xE3,0x33,0x10,0x18,0x08,0x08,0x08,0x08,0x04,0xFF,0xFF,0x00,0x00,0x00,0x00,0x03,0x07,0x0C,0x08,0x08,0x08,0x08,0x08,0x04,0x04,0x07,0x0F,0x08,0x08,0x06,
	
	0x00,0x40,0x40,0xC0,0xE0,0x00,0x00,0x00,0x00,0x00,0x00,0x00,0x00,0x00,0x00,0x00,0x00,0x00,0x00,0xFF,0xFF,0x80,0x40,0x20,0x20,0x20,0x60,0xC0,0xC0,0x00,0x00,0x00,
	0x00,0x00,0x00,0xFF,0xFF,0x01,0x00,0x00,0x00,0x00,0x00,0x00,0xFF,0xFF,0x00,0x00,0x00,0x00,0x00,0x0F,0x07,0x06,0x08,0x08,0x08,0x08,0x0C,0x06,0x03,0x00,0x00,0x00,
	
	0x00,0x00,0x00,0x00,0x00,0x00,0x00,0x00,0x00,0x00,0x00,0x00,0x00,0x00,0x00,0x00,0x00,0x00,0x00,0x00,0xC0,0xC0,0x60,0x20,0x20,0x20,0x20,0xC0,0x80,0x00,0x00,0x00,
	0x00,0x00,0xFE,0xFF,0x01,0x00,0x00,0x00,0x00,0x00,0x00,0x03,0x03,0x80,0x00,0x00,0x00,0x00,0x00,0x03,0x07,0x04,0x08,0x08,0x08,0x08,0x08,0x04,0x02,0x01,0x00,0x00,
	
	0x00,0x00,0x00,0x00,0x00,0x00,0x00,0x00,0x00,0x40,0x40,0xC0,0xE0,0x00,0x00,0x00,0x00,0x00,0x00,0x80,0xC0,0x60,0x20,0x20,0x20,0x20,0x40,0xFF,0xFF,0x00,0x00,0x00,
	0x00,0x00,0xFE,0xFF,0x01,0x00,0x00,0x00,0x00,0x00,0x00,0xFF,0xFF,0x00,0x00,0x00,0x00,0x00,0x00,0x03,0x06,0x0C,0x08,0x08,0x08,0x04,0x02,0x0F,0x07,0x04,0x04,0x00,
	
	0x00,0x00,0x00,0x00,0x00,0x00,0x00,0x00,0x00,0x00,0x00,0x00,0x00,0x00,0x00,0x00,0x00,0x00,0x00,0x00,0xC0,0x40,0x20,0x20,0x20,0x20,0x40,0xC0,0x80,0x00,0x00,0x00,
	0x00,0x00,0xFE,0xFF,0x11,0x10,0x10,0x10,0x10,0x10,0x10,0x10,0x1F,0x1E,0x00,0x00,0x00,0x00,0x00,0x03,0x07,0x04,0x0C,0x08,0x08,0x08,0x08,0x04,0x06,0x01,0x00,0x00,
	
	0x00,0x00,0x00,0x00,0x00,0x00,0x00,0x80,0x80,0x40,0x40,0x40,0x40,0xC0,0x80,0x00,0x00,0x00,0x20,0x20,0x20,0x20,0xFE,0xFF,0x20,0x20,0x20,0x20,0x20,0x03,0x03,0x00,
	0x00,0x00,0x00,0x00,0x00,0x00,0xFF,0xFF,0x00,0x00,0x00,0x00,0x00,0x00,0x00,0x00,0x00,0x00,0x00,0x08,0x08,0x08,0x0F,0x0F,0x08,0x08,0x08,0x08,0x00,0x00,0x00,0x00,
	
	0x00,0x00,0x00,0x00,0x00,0x00,0x00,0x00,0x00,0x00,0x00,0x00,0x00,0x00,0x00,0x00,0x00,0x00,0x00,0x00,0xC0,0x40,0x20,0x20,0x20,0x20,0x60,0xC0,0xA0,0x60,0x60,0x00,
	0x00,0x00,0x00,0xC7,0xFF,0x30,0x20,0x20,0x20,0x20,0x30,0x1F,0x0F,0x00,0x00,0x00,0x00,0x00,0x38,0x7D,0x47,0x83,0x83,0x83,0x83,0x83,0x82,0x46,0x7E,0x3C,0x00,0x00,
	
	0x00,0x40,0x40,0xC0,0xE0,0x00,0x00,0x00,0x00,0x00,0x00,0x00,0x00,0x00,0x00,0x00,0x00,0x00,0x00,0xFF,0xFF,0x80,0x40,0x20,0x20,0x20,0x60,0xC0,0x80,0x00,0x00,0x00,
	0x00,0x00,0x00,0xFF,0xFF,0x00,0x00,0x00,0x00,0x00,0x00,0xFF,0xFF,0x00,0x00,0x00,0x00,0x08,0x08,0x0F,0x0F,0x08,0x08,0x00,0x00,0x08,0x08,0x0F,0x0F,0x08,0x08,0x00,
	
	0x00,0x00,0x00,0x00,0x00,0x00,0x80,0xC0,0xC0,0x80,0x00,0x00,0x00,0x00,0x00,0x00,0x00,0x00,0x00,0x20,0x20,0x20,0x20,0xE1,0xF1,0x00,0x00,0x00,0x00,0x00,0x00,0x00,
	0x00,0x00,0x00,0x00,0x00,0x00,0x00,0xFF,0xFF,0x00,0x00,0x00,0x00,0x00,0x00,0x00,0x00,0x00,0x00,0x08,0x08,0x08,0x08,0x0F,0x0F,0x08,0x08,0x08,0x08,0x00,0x00,0x00,
	
	0x00,0x00,0x00,0x00,0x00,0x00,0x00,0x00,0x00,0x80,0xC0,0xC0,0xC0,0x00,0x00,0x00,0x00,0x00,0x00,0x00,0x00,0x00,0x20,0x20,0x20,0x20,0xE1,0xF1,0x00,0x00,0x00,0x00,
	0x00,0x00,0x00,0x00,0x00,0x00,0x00,0x00,0x00,0x00,0xFF,0xFF,0x00,0x00,0x00,0x00,0x00,0x00,0x00,0x60,0xE0,0x80,0x80,0x80,0x80,0x60,0x3F,0x1F,0x00,0x00,0x00,0x00,
	
	0x00,0x40,0x40,0xC0,0xE0,0x00,0x00,0x00,0x00,0x00,0x00,0x00,0x00,0x00,0x00,0x00,0x00,0x00,0x00,0xFF,0xFF,0x00,0x00,0x00,0x00,0x20,0xE0,0x60,0x20,0x20,0x00,0x00,
	0x00,0x00,0x00,0xFF,0xFF,0x30,0x18,0x0C,0x3E,0x71,0xC0,0x80,0x00,0x00,0x00,0x00,0x00,0x08,0x08,0x0F,0x0F,0x08,0x08,0x00,0x00,0x00,0x09,0x0F,0x0E,0x0C,0x08,0x00,
	
	0x00,0x00,0x00,0x40,0x40,0x40,0x40,0xC0,0xE0,0x00,0x00,0x00,0x00,0x00,0x00,0x00,0x00,0x00,0x00,0x00,0x00,0x00,0x00,0xFF,0xFF,0x00,0x00,0x00,0x00,0x00,0x00,0x00,
	0x00,0x00,0x00,0x00,0x00,0x00,0x00,0xFF,0xFF,0x00,0x00,0x00,0x00,0x00,0x00,0x00,0x00,0x00,0x00,0x08,0x08,0x08,0x08,0x0F,0x0F,0x08,0x08,0x08,0x08,0x00,0x00,0x00,
	
	0x00,0x00,0x00,0x00,0x00,0x00,0x00,0x00,0x00,0x00,0x00,0x00,0x00,0x00,0x00,0x00,0x20,0xE0,0xF0,0x40,0x20,0x20,0x20,0xE0,0xC0,0x40,0x20,0x20,0x20,0xE0,0xC0,0x00,
	0x00,0xFF,0xFF,0x00,0x00,0x00,0x00,0xFF,0xFF,0x00,0x00,0x00,0x00,0xFF,0xFF,0x00,0x08,0x0F,0x0F,0x08,0x00,0x00,0x08,0x0F,0x0F,0x08,0x00,0x00,0x08,0x0F,0x0F,0x08,
	
	0x00,0x00,0x00,0x00,0x00,0x00,0x00,0x00,0x00,0x00,0x00,0x00,0x00,0x00,0x00,0x00,0x00,0x40,0x40,0xC0,0xE0,0x80,0x40,0x20,0x20,0x20,0x60,0xC0,0x80,0x00,0x00,0x00,
	0x00,0x00,0x00,0xFF,0xFF,0x00,0x00,0x00,0x00,0x00,0x00,0xFF,0xFF,0x00,0x00,0x00,0x00,0x08,0x08,0x0F,0x0F,0x08,0x08,0x00,0x00,0x08,0x08,0x0F,0x0F,0x08,0x08,0x00,
	
	0x00,0x00,0x00,0x00,0x00,0x00,0x00,0x00,0x00,0x00,0x00,0x00,0x00,0x00,0x00,0x00,0x00,0x00,0x00,0x00,0xC0,0x40,0x20,0x20,0x20,0x20,0x40,0xC0,0x80,0x00,0x00,0x00,
	0x00,0x00,0xFC,0xFF,0x01,0x00,0x00,0x00,0x00,0x00,0x00,0x01,0xFF,0xFE,0x00,0x00,0x00,0x00,0x00,0x03,0x07,0x04,0x08,0x08,0x08,0x08,0x04,0x07,0x03,0x00,0x00,0x00,
	
	0x00,0x00,0x00,0x00,0x00,0x00,0x00,0x00,0x00,0x00,0x00,0x00,0x00,0x00,0x00,0x00,0x00,0x40,0x40,0xC0,0xE0,0x80,0x40,0x20,0x20,0x20,0x60,0xC0,0x80,0x00,0x00,0x00,
	0x00,0x00,0x00,0xFF,0xFF,0x00,0x00,0x00,0x00,0x00,0x00,0x00,0xFF,0xFE,0x00,0x00,0x00,0x80,0x80,0xFF,0xFF,0x86,0x84,0x08,0x08,0x08,0x0C,0x07,0x03,0x00,0x00,0x00,
	
	0x00,0x00,0x00,0x00,0x00,0x00,0x00,0x00,0x00,0x00,0x00,0x00,0x00,0x00,0x00,0x00,0x00,0x00,0x00,0x80,0xC0,0x40,0x20,0x20,0x20,0x60,0xC0,0xC0,0xE0,0x00,0x00,0x00,
	0x00,0x00,0xFE,0xFF,0x01,0x00,0x00,0x00,0x00,0x00,0x00,0xFF,0xFF,0x00,0x00,0x00,0x00,0x00,0x00,0x03,0x06,0x0C,0x08,0x08,0x08,0x84,0x86,0xFF,0xFF,0x80,0x80,0x00,
	
	0x00,0x00,0x00,0x00,0x00,0x00,0x00,0x00,0x00,0x00,0x00,0x00,0x00,0x00,0x00,0x00,0x00,0x40,0x40,0x40,0x40,0xE0,0xE0,0x00,0x80,0x40,0x40,0x20,0x20,0xE0,0xC0,0x00,
	0x00,0x00,0x00,0x00,0x00,0xFF,0xFF,0x03,0x01,0x00,0x00,0x00,0x00,0x00,0x00,0x00,0x00,0x08,0x08,0x08,0x08,0x0F,0x0F,0x08,0x08,0x08,0x08,0x00,0x00,0x00,0x00,0x00,
	
	0x00,0x00,0x00,0x00,0x00,0x00,0x00,0x00,0x00,0x00,0x00,0x00,0x00,0x00,0x00,0x00,0x00,0x00,0x00,0x00,0x80,0xC0,0x60,0x20,0x20,0x20,0x20,0x40,0xC0,0xE0,0x00,0x00,
	0x00,0x00,0x00,0x80,0x07,0x0F,0x0C,0x18,0x18,0x38,0x30,0x70,0xE0,0xC3,0x00,0x00,0x00,0x00,0x00,0x0F,0x06,0x04,0x08,0x08,0x08,0x08,0x08,0x0C,0x07,0x03,0x00,0x00,
	
	0x00,0x00,0x00,0x00,0x00,0x00,0x00,0x00,0x00,0x00,0x00,0x00,0x00,0x00,0x00,0x00,0x00,0x00,0x20,0x20,0x20,0x30,0xF8,0xFF,0x20,0x20,0x20,0x20,0x20,0x00,0x00,0x00,
	0x00,0x00,0x00,0x00,0x00,0x00,0xFF,0xFF,0x00,0x00,0x00,0x00,0x00,0x00,0x00,0x00,0x00,0x00,0x00,0x00,0x00,0x00,0x03,0x07,0x0C,0x08,0x08,0x08,0x04,0x03,0x00,0x00,
	
	0x00,0x00,0x00,0x00,0x00,0x00,0x00,0x00,0x00,0x00,0x00,0x00,0x00,0x00,0x00,0x00,0x00,0x20,0x20,0xE0,0xF0,0x00,0x00,0x00,0x00,0x20,0x20,0xE0,0xF0,0x00,0x00,0x00,
	0x00,0x00,0x00,0xFF,0xFF,0x00,0x00,0x00,0x00,0x00,0x00,0xFF,0xFF,0x00,0x00,0x00,0x00,0x00,0x00,0x03,0x07,0x0C,0x08,0x08,0x08,0x04,0x02,0x0F,0x07,0x04,0x04,0x00,
	
	0x00,0x00,0x00,0x00,0x00,0x00,0x00,0x00,0x00,0x00,0x00,0x00,0x00,0x00,0x00,0x00,0x00,0x20,0x20,0xE0,0xE0,0x20,0x00,0x00,0x00,0x00,0x20,0x20,0xE0,0x60,0x20,0x00,
	0x00,0x00,0x00,0x01,0x07,0x3E,0xF0,0xC0,0x00,0xC0,0x38,0x07,0x01,0x00,0x00,0x00,0x00,0x00,0x00,0x00,0x00,0x00,0x01,0x0F,0x07,0x01,0x00,0x00,0x00,0x00,0x00,0x00,
	
	0x00,0x00,0x00,0x00,0x00,0x00,0x00,0x00,0x00,0x00,0x00,0x00,0x00,0x00,0x00,0x00,0x20,0x60,0xE0,0x20,0x20,0x00,0x20,0xE0,0xE0,0x20,0x00,0x00,0x20,0xE0,0x60,0x20,
	0x00,0x00,0x07,0x7F,0xF0,0x80,0xF0,0x0F,0x1F,0xFC,0xC0,0xC0,0x3C,0x03,0x00,0x00,0x00,0x00,0x00,0x00,0x07,0x0F,0x00,0x00,0x00,0x01,0x0F,0x03,0x00,0x00,0x00,0x00,
	
	0x00,0x00,0x00,0x00,0x00,0x00,0x00,0x00,0x00,0x00,0x00,0x00,0x00,0x00,0x00,0x00,0x00,0x00,0x20,0x20,0xE0,0xE0,0xA0,0x00,0x00,0x20,0x20,0xE0,0x20,0x20,0x00,0x00,
	0x00,0x00,0x00,0x00,0x00,0x81,0x47,0x3E,0x38,0xE6,0xC1,0x00,0x00,0x00,0x00,0x00,0x00,0x08,0x08,0x0C,0x0E,0x09,0x00,0x00,0x00,0x08,0x09,0x0F,0x0E,0x08,0x08,0x00,
	
	0x00,0x00,0x00,0x00,0x00,0x00,0x00,0x00,0x00,0x00,0x00,0x00,0x00,0x00,0x00,0x00,0x00,0x20,0x20,0xE0,0xE0,0x20,0x00,0x00,0x00,0x00,0x20,0xE0,0x60,0x20,0x20,0x00,
	0x00,0x00,0x00,0x00,0x03,0x1E,0x78,0xC0,0x00,0xE0,0x1C,0x03,0x00,0x00,0x00,0x00,0x00,0x00,0xC0,0xC0,0xC0,0xC0,0x60,0x1F,0x03,0x00,0x00,0x00,0x00,0x00,0x00,0x00,
	
	0x00,0x00,0x00,0x00,0x00,0x00,0x00,0x00,0x00,0x00,0x00,0x00,0x00,0x00,0x00,0x00,0x00,0x00,0xE0,0xE0,0x20,0x20,0x20,0x20,0x20,0x20,0xE0,0xE0,0x60,0x00,0x00,0x00,
	0x00,0x00,0x03,0x00,0x80,0xC0,0xF0,0x38,0x1E,0x07,0x03,0x00,0x00,0x80,0x00,0x00,0x00,0x00,0x0C,0x0E,0x0B,0x09,0x08,0x08,0x08,0x08,0x08,0x0C,0x0E,0x03,0x00,0x00,
	
	0x00,0x00,0x00,0x00,0x00,0x00,0x00,0x00,0x00,0x00,0xF0,0x08,0x04,0x04,0x00,0x00,0x00,0x00,0x00,0x00,0x00,0x00,0x00,0x00,0x80,0x80,0x7F,0x00,0x00,0x00,0x00,0x00,
	0x00,0x00,0x00,0x00,0x00,0x00,0x00,0x01,0x01,0x02,0xFC,0x00,0x00,0x00,0x00,0x00,0x00,0x00,0x00,0x00,0x00,0x00,0x00,0x00,0x00,0x00,0x1F,0x20,0x40,0x40,0x00,0x00,
	
	0x00,0x00,0x00,0x00,0x00,0x00,0x00,0x00,0xFF,0x00,0x00,0x00,0x00,0x00,0x00,0x00,0x00,0x00,0x00,0x00,0x00,0x00,0x00,0x00,0xFF,0x00,0x00,0x00,0x00,0x00,0x00,0x00,
	0x00,0x00,0x00,0x00,0x00,0x00,0x00,0x00,0xFF,0x00,0x00,0x00,0x00,0x00,0x00,0x00,0x00,0x00,0x00,0x00,0x00,0x00,0x00,0x00,0xFF,0x00,0x00,0x00,0x00,0x00,0x00,0x00,
	
	0x00,0x00,0x00,0x04,0x04,0x08,0xF0,0x00,0x00,0x00,0x00,0x00,0x00,0x00,0x00,0x00,0x00,0x00,0x00,0x00,0x00,0x00,0x7F,0x80,0x80,0x00,0x00,0x00,0x00,0x00,0x00,0x00,
	0x00,0x00,0x00,0x00,0x00,0x00,0xFC,0x02,0x01,0x01,0x00,0x00,0x00,0x00,0x00,0x00,0x00,0x00,0x00,0x40,0x40,0x20,0x1F,0x00,0x00,0x00,0x00,0x00,0x00,0x00,0x00,0x00,
	
	0x00,0x18,0x04,0x02,0x02,0x02,0x06,0x0C,0x38,0x20,0x60,0x40,0x40,0x20,0x18,0x00,0x00,0x00,0x00,0x00,0x00,0x00,0x00,0x00,0x00,0x00,0x00,0x00,0x00,0x00,0x00,0x00,
	0x00,0x00,0x00,0x00,0x00,0x00,0x00,0x00,0x00,0x00,0x00,0x00,0x00,0x00,0x00,0x00,0x00,0x00,0x00,0x00,0x00,0x00,0x00,0x00,0x00,0x00,0x00,0x00,0x00,0x00,0x00,0x00,
};


/*宽6像素，高8像素*/
const uint8_t OLED_F6x8[][6] = 
{
	0x00,0x00,0x00,0x00,0x00,0x00,//   0
	0x00,0x00,0x00,0x2F,0x00,0x00,// ! 1
	0x00,0x00,0x07,0x00,0x07,0x00,// " 2
	0x00,0x14,0x7F,0x14,0x7F,0x14,// # 3
	0x00,0x24,0x2A,0x7F,0x2A,0x12,// $ 4
	0x00,0x23,0x13,0x08,0x64,0x62,// % 5
	0x00,0x36,0x49,0x55,0x22,0x50,// & 6
	0x00,0x00,0x00,0x07,0x00,0x00,// ' 7
	0x00,0x00,0x1C,0x22,0x41,0x00,// ( 8
	0x00,0x00,0x41,0x22,0x1C,0x00,// ) 9
	0x00,0x14,0x08,0x3E,0x08,0x14,// * 10
	0x00,0x08,0x08,0x3E,0x08,0x08,// + 11
	0x00,0x00,0x00,0xA0,0x60,0x00,// , 12
	0x00,0x08,0x08,0x08,0x08,0x08,// - 13
	0x00,0x00,0x60,0x60,0x00,0x00,// . 14
	0x00,0x20,0x10,0x08,0x04,0x02,// / 15
	0x00,0x3E,0x51,0x49,0x45,0x3E,// 0 16
	0x00,0x00,0x42,0x7F,0x40,0x00,// 1 17
	0x00,0x42,0x61,0x51,0x49,0x46,// 2 18
	0x00,0x21,0x41,0x45,0x4B,0x31,// 3 19
	0x00,0x18,0x14,0x12,0x7F,0x10,// 4 20
	0x00,0x27,0x45,0x45,0x45,0x39,// 5 21
	0x00,0x3C,0x4A,0x49,0x49,0x30,// 6 22
	0x00,0x01,0x71,0x09,0x05,0x03,// 7 23
	0x00,0x36,0x49,0x49,0x49,0x36,// 8 24
	0x00,0x06,0x49,0x49,0x29,0x1E,// 9 25
	0x00,0x00,0x36,0x36,0x00,0x00,// : 26
	0x00,0x00,0x56,0x36,0x00,0x00,// ; 27
	0x00,0x08,0x14,0x22,0x41,0x00,// < 28
	0x00,0x14,0x14,0x14,0x14,0x14,// = 29
	0x00,0x00,0x41,0x22,0x14,0x08,// > 30
	0x00,0x02,0x01,0x51,0x09,0x06,// ? 31
	0x00,0x3E,0x49,0x55,0x59,0x2E,// @ 32
	0x00,0x7C,0x12,0x11,0x12,0x7C,// A 33
	0x00,0x7F,0x49,0x49,0x49,0x36,// B 34
	0x00,0x3E,0x41,0x41,0x41,0x22,// C 35
	0x00,0x7F,0x41,0x41,0x22,0x1C,// D 36
	0x00,0x7F,0x49,0x49,0x49,0x41,// E 37
	0x00,0x7F,0x09,0x09,0x09,0x01,// F 38
	0x00,0x3E,0x41,0x49,0x49,0x7A,// G 39
	0x00,0x7F,0x08,0x08,0x08,0x7F,// H 40
	0x00,0x00,0x41,0x7F,0x41,0x00,// I 41
	0x00,0x20,0x40,0x41,0x3F,0x01,// J 42
	0x00,0x7F,0x08,0x14,0x22,0x41,// K 43
	0x00,0x7F,0x40,0x40,0x40,0x40,// L 44
	0x00,0x7F,0x02,0x0C,0x02,0x7F,// M 45
	0x00,0x7F,0x04,0x08,0x10,0x7F,// N 46
	0x00,0x3E,0x41,0x41,0x41,0x3E,// O 47
	0x00,0x7F,0x09,0x09,0x09,0x06,// P 48
	0x00,0x3E,0x41,0x51,0x21,0x5E,// Q 49
	0x00,0x7F,0x09,0x19,0x29,0x46,// R 50
	0x00,0x46,0x49,0x49,0x49,0x31,// S 51
	0x00,0x01,0x01,0x7F,0x01,0x01,// T 52
	0x00,0x3F,0x40,0x40,0x40,0x3F,// U 53
	0x00,0x1F,0x20,0x40,0x20,0x1F,// V 54
	0x00,0x3F,0x40,0x38,0x40,0x3F,// W 55
	0x00,0x63,0x14,0x08,0x14,0x63,// X 56
	0x00,0x07,0x08,0x70,0x08,0x07,// Y 57
	0x00,0x61,0x51,0x49,0x45,0x43,// Z 58
	0x00,0x00,0x7F,0x41,0x41,0x00,// [ 59
	0x00,0x02,0x04,0x08,0x10,0x20,// \ 60
	0x00,0x00,0x41,0x41,0x7F,0x00,// ] 61
	0x00,0x04,0x02,0x01,0x02,0x04,// ^ 62
	0x00,0x40,0x40,0x40,0x40,0x40,// _ 63
	0x00,0x00,0x01,0x02,0x04,0x00,// ` 64
	0x00,0x20,0x54,0x54,0x54,0x78,// a 65
	0x00,0x7F,0x48,0x44,0x44,0x38,// b 66
	0x00,0x38,0x44,0x44,0x44,0x20,// c 67
	0x00,0x38,0x44,0x44,0x48,0x7F,// d 68
	0x00,0x38,0x54,0x54,0x54,0x18,// e 69
	0x00,0x08,0x7E,0x09,0x01,0x02,// f 70
	0x00,0x18,0xA4,0xA4,0xA4,0x7C,// g 71
	0x00,0x7F,0x08,0x04,0x04,0x78,// h 72
	0x00,0x00,0x44,0x7D,0x40,0x00,// i 73
	0x00,0x40,0x80,0x84,0x7D,0x00,// j 74
	0x00,0x7F,0x10,0x28,0x44,0x00,// k 75
	0x00,0x00,0x41,0x7F,0x40,0x00,// l 76
	0x00,0x7C,0x04,0x18,0x04,0x78,// m 77
	0x00,0x7C,0x08,0x04,0x04,0x78,// n 78
	0x00,0x38,0x44,0x44,0x44,0x38,// o 79
	0x00,0xFC,0x24,0x24,0x24,0x18,// p 80
	0x00,0x18,0x24,0x24,0x18,0xFC,// q 81
	0x00,0x7C,0x08,0x04,0x04,0x08,// r 82
	0x00,0x48,0x54,0x54,0x54,0x20,// s 83
	0x00,0x04,0x3F,0x44,0x40,0x20,// t 84
	0x00,0x3C,0x40,0x40,0x20,0x7C,// u 85
	0x00,0x1C,0x20,0x40,0x20,0x1C,// v 86
	0x00,0x3C,0x40,0x30,0x40,0x3C,// w 87
	0x00,0x44,0x28,0x10,0x28,0x44,// x 88
	0x00,0x1C,0xA0,0xA0,0xA0,0x7C,// y 89
	0x00,0x44,0x64,0x54,0x4C,0x44,// z 90
	0x00,0x00,0x08,0x7F,0x41,0x00,// { 91
	0x00,0x00,0x00,0x7F,0x00,0x00,// | 92
	0x00,0x00,0x41,0x7F,0x08,0x00,// } 93
	0x00,0x08,0x04,0x08,0x10,0x08,// ~ 94
};

const uint8_t OLED_F12x24[][36] = {
	
	0x00,0x00,0x00,0x00,0x00,0x00,0x00,0x00,0x00,0x00,0x00,0x00,
	0x00,0x00,0x00,0x00,0x00,0x00,0x00,0x00,0x00,0x00,0x00,0x00,
	0x00,0x00,0x00,0x00,0x00,0x00,0x00,0x00,0x00,0x00,0x00,0x00,/*" ",0*/
	
	0x00,0x00,0x00,0x00,0x00,0xF0,0xF0,0x00,0x00,0x00,0x00,0x00,
	0x00,0x00,0x00,0x00,0x00,0x77,0x0F,0x00,0x00,0x00,0x00,0x00,
	0x00,0x00,0x00,0x00,0x00,0x1C,0x1C,0x00,0x00,0x00,0x00,0x00,/*"!",1*/
	
	0x00,0x00,0x80,0x60,0x30,0x1C,0x8C,0x60,0x30,0x1C,0x0C,0x00,
	0x00,0x00,0x00,0x00,0x00,0x00,0x00,0x00,0x00,0x00,0x00,0x00,
	0x00,0x00,0x00,0x00,0x00,0x00,0x00,0x00,0x00,0x00,0x00,0x00,/*""",2*/
	
	0x00,0x00,0x00,0x00,0xF0,0x00,0x00,0x00,0x00,0xF0,0x00,0x00,
	0x00,0x83,0x83,0xFF,0x83,0x83,0x83,0x83,0xFB,0x87,0x83,0x00,
	0x00,0x01,0x1F,0x01,0x01,0x01,0x01,0x01,0x1F,0x01,0x01,0x00,/*"#",3*/
	
	0x00,0x00,0x80,0xC0,0x60,0x20,0xF8,0x20,0xE0,0xC0,0x00,0x00,
	0x00,0x00,0x03,0x07,0x0C,0x18,0xFF,0x71,0xE1,0x81,0x00,0x00,
	0x00,0x00,0x07,0x0F,0x12,0x10,0x7F,0x10,0x0F,0x07,0x00,0x00,/*"$",4*/
	
	0xC0,0x30,0x10,0x30,0xC0,0x00,0x00,0xC0,0x30,0x00,0x00,0x00,
	0x07,0x18,0x10,0x18,0xCF,0x38,0xC6,0x31,0x10,0x30,0xC0,0x00,
	0x00,0x00,0x18,0x07,0x00,0x00,0x07,0x18,0x10,0x18,0x07,0x00,/*"%",5*/
	
	0x00,0x00,0xE0,0xF0,0x10,0xF0,0xE0,0x00,0x00,0x00,0x00,0x00,
	0xC0,0xE0,0x17,0x3F,0xF8,0xC7,0x03,0x08,0xF8,0x08,0x08,0x00,
	0x07,0x0F,0x18,0x10,0x10,0x13,0x0F,0x0E,0x19,0x10,0x10,0x0C,/*"&",6*/
	
	0x00,0x00,0x8C,0x4C,0x38,0x00,0x00,0x00,0x00,0x00,0x00,0x00,
	0x00,0x00,0x00,0x00,0x00,0x00,0x00,0x00,0x00,0x00,0x00,0x00,
	0x00,0x00,0x00,0x00,0x00,0x00,0x00,0x00,0x00,0x00,0x00,0x00,/*"'",7*/
	
	0x00,0x00,0x00,0x00,0x00,0x00,0x80,0x60,0x10,0x08,0x04,0x00,
	0x00,0x00,0x00,0x00,0x00,0xFE,0x01,0x00,0x00,0x00,0x00,0x00,
	0x00,0x00,0x00,0x00,0x00,0x00,0x03,0x0C,0x10,0x20,0x40,0x00,/*"(",8*/
	
	0x00,0x04,0x08,0x10,0x60,0x80,0x00,0x00,0x00,0x00,0x00,0x00,
	0x00,0x00,0x00,0x00,0x00,0x01,0xFE,0x00,0x00,0x00,0x00,0x00,
	0x00,0x40,0x20,0x10,0x0C,0x03,0x00,0x00,0x00,0x00,0x00,0x00,/*")",9*/
	
	0x00,0x00,0x00,0x00,0x00,0x00,0xC0,0x80,0x00,0x00,0x00,0x00,
	0x00,0x66,0x66,0x24,0x38,0x10,0xFF,0x18,0x3C,0x24,0x66,0x66,
	0x00,0x00,0x00,0x00,0x00,0x00,0x03,0x00,0x00,0x00,0x00,0x00,/*"*",10*/
	
	0x00,0x00,0x00,0x00,0x00,0x00,0x80,0x00,0x00,0x00,0x00,0x00,
	0x00,0x10,0x10,0x10,0x10,0x10,0xFF,0x10,0x10,0x10,0x10,0x10,
	0x00,0x00,0x00,0x00,0x00,0x00,0x03,0x00,0x00,0x00,0x00,0x00,/*"+",11*/
	
	0x00,0x00,0x00,0x00,0x00,0x00,0x00,0x00,0x00,0x00,0x00,0x00,
	0x00,0x00,0x00,0x00,0x00,0x00,0x00,0x00,0x00,0x00,0x00,0x00,
	0x00,0x00,0x8C,0x4C,0x38,0x00,0x00,0x00,0x00,0x00,0x00,0x00,/*",",12*/
	
	0x00,0x00,0x00,0x00,0x00,0x00,0x00,0x00,0x00,0x00,0x00,0x00,
	0x00,0x10,0x10,0x10,0x10,0x10,0x10,0x10,0x10,0x10,0x10,0x00,
	0x00,0x00,0x00,0x00,0x00,0x00,0x00,0x00,0x00,0x00,0x00,0x00,/*"-",13*/
	
	0x00,0x00,0x00,0x00,0x00,0x00,0x00,0x00,0x00,0x00,0x00,0x00,
	0x00,0x00,0x00,0x00,0x00,0x00,0x00,0x00,0x00,0x00,0x00,0x00,
	0x00,0x00,0x1C,0x1C,0x1C,0x00,0x00,0x00,0x00,0x00,0x00,0x00,/*".",14*/
	
	0x00,0x00,0x00,0x00,0x00,0x00,0x00,0x00,0xE0,0x38,0x0C,0x00,
	0x00,0x00,0x00,0x00,0x80,0x70,0x1C,0x03,0x00,0x00,0x00,0x00,
	0x00,0x60,0x38,0x0E,0x01,0x00,0x00,0x00,0x00,0x00,0x00,0x00,/*"/",15*/
	
	0x00,0x00,0x80,0xC0,0x60,0x20,0x20,0x60,0xC0,0x80,0x00,0x00,
	0x00,0xFE,0xFF,0x01,0x00,0x00,0x00,0x00,0x01,0xFF,0xFE,0x00,
	0x00,0x01,0x07,0x0E,0x18,0x10,0x10,0x18,0x0E,0x07,0x01,0x00,/*"0",16*/
	
	0x00,0x00,0x40,0x40,0x40,0xC0,0xE0,0x00,0x00,0x00,0x00,0x00,
	0x00,0x00,0x00,0x00,0x00,0xFF,0xFF,0x00,0x00,0x00,0x00,0x00,
	0x00,0x00,0x10,0x10,0x10,0x1F,0x1F,0x10,0x10,0x10,0x00,0x00,/*"1",17*/
	
	0x00,0x80,0x40,0x20,0x20,0x20,0x20,0x60,0xC0,0x80,0x00,0x00,
	0x00,0x03,0x03,0x00,0x00,0xC0,0x60,0x30,0x1F,0x07,0x00,0x00,
	0x00,0x18,0x1C,0x12,0x11,0x10,0x10,0x10,0x10,0x1E,0x00,0x00,/*"2",18*/
	
	0x00,0xC0,0xC0,0x20,0x20,0x20,0x60,0xC0,0x80,0x00,0x00,0x00,
	0x00,0x01,0x01,0x00,0x10,0x10,0x18,0x2F,0xE7,0x80,0x00,0x00,
	0x00,0x0E,0x0E,0x10,0x10,0x10,0x10,0x18,0x0F,0x07,0x00,0x00,/*"3",19*/
	
	0x00,0x00,0x00,0x00,0x00,0x00,0x80,0xE0,0xE0,0x00,0x00,0x00,
	0x00,0xC0,0xA0,0x98,0x84,0x83,0x80,0xFF,0xFF,0x80,0x80,0x80,
	0x00,0x00,0x00,0x00,0x00,0x10,0x10,0x1F,0x1F,0x10,0x10,0x00,/*"4",20*/
	
	0x00,0x00,0xE0,0x20,0x20,0x20,0x20,0x20,0x20,0x20,0x00,0x00,
	0x00,0x00,0x3F,0x10,0x08,0x08,0x08,0x18,0xF0,0xE0,0x00,0x00,
	0x00,0x07,0x0B,0x10,0x10,0x10,0x10,0x1C,0x0F,0x03,0x00,0x00,/*"5",21*/
	
	0x00,0x00,0x80,0xC0,0x40,0x20,0x20,0x20,0xE0,0xC0,0x00,0x00,
	0x00,0xFC,0xFF,0x21,0x10,0x08,0x08,0x08,0x18,0xF0,0xE0,0x00,
	0x00,0x01,0x07,0x0C,0x18,0x10,0x10,0x10,0x08,0x0F,0x03,0x00,/*"6",22*/
	
	0x00,0x00,0xC0,0x60,0x20,0x20,0x20,0x20,0x20,0xE0,0x60,0x00,
	0x00,0x00,0x01,0x00,0x00,0x00,0xE0,0x18,0x07,0x00,0x00,0x00,
	0x00,0x00,0x00,0x00,0x00,0x1F,0x1F,0x00,0x00,0x00,0x00,0x00,/*"7",23*/
	
	0x00,0x80,0xC0,0x60,0x20,0x20,0x20,0x20,0x60,0xC0,0x80,0x00,
	0x00,0x83,0xCF,0x6C,0x18,0x10,0x30,0x30,0x68,0xCF,0x83,0x00,
	0x00,0x07,0x0F,0x08,0x10,0x10,0x10,0x10,0x18,0x0F,0x07,0x00,/*"8",24*/
	
	0x00,0x00,0xC0,0xC0,0x20,0x20,0x20,0x20,0xC0,0x80,0x00,0x00,
	0x00,0x1F,0x3F,0x60,0x40,0x40,0x40,0x20,0x10,0xFF,0xFE,0x00,
	0x00,0x00,0x0C,0x1C,0x10,0x10,0x10,0x08,0x0F,0x03,0x00,0x00,/*"9",25*/
	
	0x00,0x00,0x00,0x00,0x00,0x00,0x00,0x00,0x00,0x00,0x00,0x00,
	0x00,0x00,0x00,0x00,0x00,0x1C,0x1C,0x1C,0x00,0x00,0x00,0x00,
	0x00,0x00,0x00,0x00,0x00,0x1C,0x1C,0x1C,0x00,0x00,0x00,0x00,/*":",26*/
	
	0x00,0x00,0x00,0x00,0x00,0x00,0x00,0x00,0x00,0x00,0x00,0x00,
	0x00,0x00,0x00,0x00,0x00,0x0C,0x0C,0x00,0x00,0x00,0x00,0x00,
	0x00,0x00,0x00,0x00,0x00,0xD8,0x38,0x00,0x00,0x00,0x00,0x00,/*";",27*/
	
	0x00,0x00,0x00,0x00,0x00,0x00,0x00,0x80,0x40,0x20,0x10,0x00,
	0x00,0x00,0x10,0x28,0x44,0x82,0x01,0x00,0x00,0x00,0x00,0x00,
	0x00,0x00,0x00,0x00,0x00,0x00,0x01,0x02,0x04,0x08,0x10,0x00,/*"<",28*/
	
	0x00,0x00,0x00,0x00,0x00,0x00,0x00,0x00,0x00,0x00,0x00,0x00,
	0x00,0x44,0x44,0x44,0x44,0x44,0x44,0x44,0x44,0x44,0x44,0x00,
	0x00,0x00,0x00,0x00,0x00,0x00,0x00,0x00,0x00,0x00,0x00,0x00,/*"=",29*/
	
	0x00,0x00,0x10,0x20,0x40,0x80,0x00,0x00,0x00,0x00,0x00,0x00,
	0x00,0x00,0x00,0x00,0x00,0x00,0x01,0x82,0x44,0x28,0x10,0x00,
	0x00,0x00,0x10,0x08,0x04,0x02,0x01,0x00,0x00,0x00,0x00,0x00,/*">",30*/
	
	0x00,0x00,0x80,0x40,0x40,0x20,0x20,0x20,0x20,0x60,0xC0,0x80,
	0x00,0x00,0x07,0x06,0x00,0x00,0xE0,0x10,0x18,0x08,0x0F,0x07,
	0x00,0x00,0x00,0x00,0x00,0x1C,0x1C,0x1C,0x00,0x00,0x00,0x00,/*"?",31*/
	
	0x00,0x00,0xC0,0xE0,0x20,0x10,0x90,0x90,0xA0,0x60,0x80,0x00,
	0x00,0xFE,0xFF,0x00,0xF8,0xFF,0x03,0xFC,0x07,0x80,0x7F,0x00,
	0x00,0x00,0x07,0x0E,0x18,0x11,0x11,0x11,0x09,0x0C,0x02,0x00,/*"@",32*/
	
	0x00,0x00,0x00,0x00,0x80,0x60,0xE0,0x00,0x00,0x00,0x00,0x00,
	0x00,0x00,0x80,0x78,0x47,0x40,0x41,0x5F,0xF0,0x80,0x00,0x00,
	0x10,0x1C,0x13,0x10,0x00,0x00,0x00,0x00,0x11,0x1F,0x18,0x10,/*"A",33*/
	
	0x00,0x20,0xE0,0xE0,0x20,0x20,0x20,0x60,0xC0,0xC0,0x00,0x00,
	0x00,0x00,0xFF,0xFF,0x10,0x10,0x10,0x18,0x2F,0xE7,0x80,0x00,
	0x00,0x10,0x1F,0x1F,0x10,0x10,0x10,0x10,0x18,0x0F,0x07,0x00,/*"B",34*/
	
	0x00,0x00,0x80,0xC0,0x40,0x20,0x20,0x20,0x60,0xE0,0x80,0x00,
	0x00,0xFC,0xFF,0x01,0x00,0x00,0x00,0x00,0x00,0x00,0x03,0x00,
	0x00,0x01,0x07,0x0E,0x18,0x10,0x10,0x10,0x08,0x0C,0x03,0x00,/*"C",35*/
	
	0x20,0x20,0xE0,0xE0,0x20,0x20,0x20,0x40,0xC0,0x80,0x00,0x00,
	0x00,0x00,0xFF,0xFF,0x00,0x00,0x00,0x00,0x01,0xFF,0xFE,0x00,
	0x10,0x10,0x1F,0x1F,0x10,0x10,0x10,0x08,0x0E,0x07,0x01,0x00,/*"D",36*/
	
	0x20,0xE0,0xE0,0x20,0x20,0x20,0x20,0x20,0x60,0x60,0x80,0x00,
	0x00,0xFF,0xFF,0x10,0x10,0x10,0x10,0xFC,0x00,0x00,0x01,0x00,
	0x10,0x1F,0x1F,0x10,0x10,0x10,0x10,0x10,0x10,0x18,0x06,0x00,/*"E",37*/
	
	0x20,0xE0,0xE0,0x20,0x20,0x20,0x20,0x20,0x60,0x60,0x80,0x00,
	0x00,0xFF,0xFF,0x10,0x10,0x10,0x10,0xFC,0x00,0x00,0x01,0x00,
	0x10,0x1F,0x1F,0x10,0x10,0x00,0x00,0x00,0x00,0x00,0x00,0x00,/*"F",38*/
	
	0x00,0x00,0x80,0xC0,0x60,0x20,0x20,0x20,0x40,0x80,0x00,0x00,
	0x00,0xFC,0xFF,0x01,0x00,0x00,0x40,0x40,0xC0,0xC3,0x40,0x40,
	0x00,0x01,0x07,0x0E,0x18,0x10,0x10,0x10,0x0F,0x0F,0x00,0x00,/*"G",39*/
	
	0x20,0xE0,0xE0,0x20,0x00,0x00,0x00,0x00,0x20,0xE0,0xE0,0x20,
	0x00,0xFF,0xFF,0x10,0x10,0x10,0x10,0x10,0x10,0xFF,0xFF,0x00,
	0x10,0x1F,0x1F,0x10,0x00,0x00,0x00,0x00,0x10,0x1F,0x1F,0x10,/*"H",40*/
	
	0x00,0x00,0x20,0x20,0x20,0xE0,0xE0,0x20,0x20,0x20,0x00,0x00,
	0x00,0x00,0x00,0x00,0x00,0xFF,0xFF,0x00,0x00,0x00,0x00,0x00,
	0x00,0x00,0x10,0x10,0x10,0x1F,0x1F,0x10,0x10,0x10,0x00,0x00,/*"I",41*/
	
	0x00,0x00,0x00,0x20,0x20,0x20,0xE0,0xE0,0x20,0x20,0x20,0x00,
	0x00,0x00,0x00,0x00,0x00,0x00,0xFF,0xFF,0x00,0x00,0x00,0x00,
	0x00,0x60,0xE0,0x80,0x80,0xC0,0x7F,0x3F,0x00,0x00,0x00,0x00,/*"J",42*/
	
	0x20,0xE0,0xE0,0x20,0x00,0x00,0xA0,0xE0,0x60,0x20,0x00,0x00,
	0x00,0xFF,0xFF,0x30,0x0C,0x3A,0xE1,0x80,0x00,0x00,0x00,0x00,
	0x10,0x1F,0x1F,0x10,0x00,0x00,0x00,0x13,0x1E,0x18,0x10,0x00,/*"K",43*/
	
	0x20,0xE0,0xE0,0x20,0x20,0x00,0x00,0x00,0x00,0x00,0x00,0x00,
	0x00,0xFF,0xFF,0x00,0x00,0x00,0x00,0x00,0x00,0x00,0x00,0x00,
	0x10,0x1F,0x1F,0x10,0x10,0x10,0x10,0x10,0x10,0x18,0x06,0x00,/*"L",44*/
	
	0x20,0xE0,0xE0,0x00,0x00,0x00,0x00,0xC0,0xE0,0xE0,0x20,0x00,
	0x00,0xFF,0x0F,0xFF,0xE0,0x80,0x7C,0x03,0xFF,0xFF,0x00,0x00,
	0x10,0x1F,0x10,0x00,0x0F,0x07,0x00,0x10,0x1F,0x1F,0x10,0x00,/*"M",45*/
	
	0x00,0x20,0xE0,0xE0,0x80,0x00,0x00,0x20,0x20,0xE0,0x20,0x20,
	0x00,0x00,0xFF,0x01,0x07,0x1E,0x78,0xC0,0x00,0xFF,0x00,0x00,
	0x10,0x10,0x1F,0x10,0x10,0x00,0x00,0x03,0x0F,0x1F,0x00,0x00,/*"N",46*/
	
	0x00,0x00,0x80,0xC0,0x60,0x20,0x20,0x60,0xC0,0x80,0x00,0x00,
	0x00,0xFE,0xFF,0x01,0x00,0x00,0x00,0x00,0x00,0xFF,0xFE,0x00,
	0x00,0x01,0x07,0x0E,0x18,0x10,0x10,0x18,0x0C,0x07,0x01,0x00,/*"O",47*/
	
	0x20,0xE0,0xE0,0x20,0x20,0x20,0x20,0x20,0x40,0xC0,0x80,0x00,
	0x00,0xFF,0xFF,0x20,0x20,0x20,0x20,0x30,0x10,0x1F,0x0F,0x00,
	0x10,0x1F,0x1F,0x10,0x10,0x00,0x00,0x00,0x00,0x00,0x00,0x00,/*"P",48*/
	
	0x00,0x00,0x80,0xC0,0x60,0x20,0x20,0x60,0xC0,0x80,0x00,0x00,
	0x00,0xFE,0xFF,0x01,0x00,0x00,0x00,0x00,0x00,0xFF,0xFE,0x00,
	0x00,0x01,0x07,0x0E,0x19,0x11,0x17,0x3C,0x6C,0x67,0x21,0x00,/*"Q",49*/
	
	0x20,0xE0,0xE0,0x20,0x20,0x20,0x20,0x20,0x60,0xC0,0x80,0x00,
	0x00,0xFF,0xFF,0x10,0x10,0x10,0x70,0xD0,0x08,0x0F,0x07,0x00,
	0x10,0x1F,0x1F,0x10,0x00,0x00,0x00,0x01,0x07,0x1E,0x18,0x10,/*"R",50*/
	
	0x00,0x80,0xC0,0x60,0x20,0x20,0x20,0x20,0x40,0xE0,0x00,0x00,
	0x00,0x07,0x0F,0x1C,0x18,0x38,0x30,0x70,0xE0,0xE1,0x80,0x00,
	0x00,0x07,0x0C,0x08,0x10,0x10,0x10,0x10,0x18,0x0F,0x07,0x00,/*"S",51*/
	
	0x80,0x60,0x20,0x20,0x20,0xE0,0xE0,0x20,0x20,0x20,0x60,0x80,
	0x01,0x00,0x00,0x00,0x00,0xFF,0xFF,0x00,0x00,0x00,0x00,0x01,
	0x00,0x00,0x00,0x10,0x10,0x1F,0x1F,0x10,0x10,0x00,0x00,0x00,/*"T",52*/
	
	0x00,0x20,0xE0,0xE0,0x20,0x00,0x00,0x00,0x20,0xE0,0x20,0x00,
	0x00,0x00,0xFF,0xFF,0x00,0x00,0x00,0x00,0x00,0xFF,0x00,0x00,
	0x00,0x00,0x07,0x0F,0x18,0x10,0x10,0x10,0x08,0x07,0x00,0x00,/*"U",53*/
	
	0x20,0x60,0xE0,0x20,0x00,0x00,0x00,0x00,0xA0,0x60,0x20,0x00,
	0x00,0x00,0x07,0x7E,0xE0,0x00,0x80,0x78,0x07,0x00,0x00,0x00,
	0x00,0x00,0x00,0x00,0x07,0x1E,0x03,0x00,0x00,0x00,0x00,0x00,/*"V",54*/
	
	0x20,0xE0,0x20,0x00,0x20,0x60,0xE0,0x20,0x00,0x20,0xE0,0x20,
	0x00,0x03,0xFF,0xC0,0xC0,0x3C,0x3F,0xF0,0x80,0x7C,0x03,0x00,
	0x00,0x00,0x00,0x1F,0x03,0x00,0x00,0x1F,0x07,0x00,0x00,0x00,/*"W",55*/
	
	0x00,0x20,0x60,0xE0,0x20,0x00,0x00,0x20,0xE0,0x20,0x20,0x00,
	0x00,0x00,0x00,0x01,0x87,0x7C,0xE8,0x86,0x01,0x00,0x00,0x00,
	0x00,0x10,0x18,0x16,0x01,0x00,0x00,0x13,0x1E,0x18,0x10,0x00,/*"X",56*/
	
	0x20,0x60,0xE0,0x20,0x00,0x00,0x00,0x00,0x20,0xA0,0x60,0x20,
	0x00,0x00,0x01,0x0F,0x3C,0xF8,0xE0,0x18,0x06,0x01,0x00,0x00,
	0x00,0x00,0x00,0x10,0x10,0x1F,0x1F,0x10,0x10,0x00,0x00,0x00,/*"Y",57*/
	
	0x00,0x80,0xE0,0x60,0x20,0x20,0x20,0x20,0xA0,0xE0,0x20,0x00,
	0x00,0x01,0x00,0x00,0x80,0x60,0x18,0x06,0x03,0x00,0x00,0x00,
	0x00,0x10,0x1C,0x17,0x11,0x10,0x10,0x10,0x10,0x18,0x06,0x00,/*"Z",58*/
	
	0x00,0x00,0x00,0x00,0x00,0xFC,0x04,0x04,0x04,0x04,0x00,0x00,
	0x00,0x00,0x00,0x00,0x00,0xFF,0x00,0x00,0x00,0x00,0x00,0x00,
	0x00,0x00,0x00,0x00,0x00,0x7F,0x40,0x40,0x40,0x40,0x00,0x00,/*"[",59*/
	
	0x00,0x00,0x30,0xC0,0x00,0x00,0x00,0x00,0x00,0x00,0x00,0x00,
	0x00,0x00,0x00,0x00,0x07,0x18,0xE0,0x80,0x00,0x00,0x00,0x00,
	0x00,0x00,0x00,0x00,0x00,0x00,0x00,0x03,0x0C,0x70,0x80,0x00,/*"\",60*/
	
	0x00,0x00,0x04,0x04,0x04,0x04,0xFC,0x00,0x00,0x00,0x00,0x00,
	0x00,0x00,0x00,0x00,0x00,0x00,0xFF,0x00,0x00,0x00,0x00,0x00,
	0x00,0x00,0x40,0x40,0x40,0x40,0x7F,0x00,0x00,0x00,0x00,0x00,/*"]",61*/
	
	0x00,0x00,0x00,0x08,0x04,0x02,0x02,0x04,0x08,0x00,0x00,0x00,
	0x00,0x00,0x00,0x00,0x00,0x00,0x00,0x00,0x00,0x00,0x00,0x00,
	0x00,0x00,0x00,0x00,0x00,0x00,0x00,0x00,0x00,0x00,0x00,0x00,/*"^",62*/
	
	0x00,0x00,0x00,0x00,0x00,0x00,0x00,0x00,0x00,0x00,0x00,0x00,
	0x00,0x00,0x00,0x00,0x00,0x00,0x00,0x00,0x00,0x00,0x00,0x00,
	0x80,0x80,0x80,0x80,0x80,0x80,0x80,0x80,0x80,0x80,0x80,0x80,/*"_",63*/
	
	0x00,0x00,0x00,0x04,0x04,0x08,0x08,0x00,0x00,0x00,0x00,0x00,
	0x00,0x00,0x00,0x00,0x00,0x00,0x00,0x00,0x00,0x00,0x00,0x00,
	0x00,0x00,0x00,0x00,0x00,0x00,0x00,0x00,0x00,0x00,0x00,0x00,/*"`",64*/
	
	0x00,0x00,0x00,0x00,0x00,0x00,0x00,0x00,0x00,0x00,0x00,0x00,
	0x00,0x00,0x98,0x98,0x84,0x44,0x44,0x44,0xFC,0xF8,0x00,0x00,
	0x00,0x0F,0x1F,0x19,0x10,0x10,0x10,0x08,0x0F,0x1F,0x10,0x18,/*"a",65*/
	
	0x00,0x20,0xE0,0xF0,0x00,0x00,0x00,0x00,0x00,0x00,0x00,0x00,
	0x00,0x00,0xFF,0xFF,0x18,0x08,0x04,0x04,0x0C,0xF8,0xF0,0x00,
	0x00,0x00,0x1F,0x0F,0x08,0x10,0x10,0x10,0x18,0x0F,0x03,0x00,/*"b",66*/
	
	0x00,0x00,0x00,0x00,0x00,0x00,0x00,0x00,0x00,0x00,0x00,0x00,
	0x00,0xE0,0xF8,0x18,0x04,0x04,0x04,0x3C,0x38,0x00,0x00,0x00,
	0x00,0x03,0x0F,0x0C,0x10,0x10,0x10,0x10,0x08,0x06,0x00,0x00,/*"c",67*/
	
	0x00,0x00,0x00,0x00,0x00,0x00,0x20,0x20,0xE0,0xF0,0x00,0x00,
	0x00,0xE0,0xF8,0x1C,0x04,0x04,0x04,0x08,0xFF,0xFF,0x00,0x00,
	0x00,0x03,0x0F,0x18,0x10,0x10,0x10,0x08,0x1F,0x0F,0x08,0x00,/*"d",68*/
	
	0x00,0x00,0x00,0x00,0x00,0x00,0x00,0x00,0x00,0x00,0x00,0x00,
	0x00,0x00,0xE0,0xF8,0x88,0x84,0x84,0x84,0x8C,0xF8,0xE0,0x00,
	0x00,0x00,0x03,0x0F,0x0C,0x10,0x10,0x10,0x10,0x08,0x04,0x00,/*"e",69*/
	
	0x00,0x00,0x00,0x00,0x80,0xC0,0x60,0x20,0x20,0xE0,0xC0,0x00,
	0x00,0x04,0x04,0x04,0xFF,0xFF,0x04,0x04,0x04,0x00,0x00,0x00,
	0x00,0x00,0x10,0x10,0x1F,0x1F,0x10,0x10,0x10,0x00,0x00,0x00,/*"f",70*/
	
	0x00,0x00,0x00,0x00,0x00,0x00,0x00,0x00,0x00,0x00,0x00,0x00,
	0x00,0x00,0x70,0xF8,0x8C,0x04,0x0C,0xFC,0xF4,0x0C,0x0C,0x00,
	0x00,0x70,0x7E,0xCF,0x85,0x85,0x8D,0xCD,0x78,0x78,0x00,0x00,/*"g",71*/
	
	0x00,0x20,0xE0,0xF0,0x00,0x00,0x00,0x00,0x00,0x00,0x00,0x00,
	0x00,0x00,0xFF,0xFF,0x08,0x04,0x04,0x04,0xFC,0xF8,0x00,0x00,
	0x00,0x10,0x1F,0x1F,0x10,0x00,0x00,0x10,0x1F,0x1F,0x10,0x00,/*"h",72*/
	
	0x00,0x00,0x00,0x00,0x00,0x60,0x60,0x00,0x00,0x00,0x00,0x00,
	0x00,0x00,0x04,0x04,0x04,0xFC,0xFE,0x00,0x00,0x00,0x00,0x00,
	0x00,0x00,0x10,0x10,0x10,0x1F,0x1F,0x10,0x10,0x10,0x00,0x00,/*"i",73*/
	
	0x00,0x00,0x00,0x00,0x00,0x00,0x60,0x60,0x60,0x00,0x00,0x00,
	0x00,0x00,0x00,0x00,0x04,0x04,0x04,0xFC,0xFE,0x00,0x00,0x00,
	0x00,0x00,0xC0,0xC0,0x80,0x80,0xC0,0x7F,0x3F,0x00,0x00,0x00,/*"j",74*/
	
	0x00,0x20,0xE0,0xF0,0x00,0x00,0x00,0x00,0x00,0x00,0x00,0x00,
	0x00,0x00,0xFF,0xFF,0x80,0x40,0xE0,0x1C,0x04,0x04,0x00,0x00,
	0x00,0x10,0x1F,0x1F,0x10,0x00,0x00,0x13,0x1E,0x18,0x10,0x00,/*"k",75*/
	
	0x00,0x00,0x20,0x20,0x20,0xE0,0xF0,0x00,0x00,0x00,0x00,0x00,
	0x00,0x00,0x00,0x00,0x00,0xFF,0xFF,0x00,0x00,0x00,0x00,0x00,
	0x00,0x00,0x10,0x10,0x10,0x1F,0x1F,0x10,0x10,0x10,0x00,0x00,/*"l",76*/
	
	0x00,0x00,0x00,0x00,0x00,0x00,0x00,0x00,0x00,0x00,0x00,0x00,
	0x04,0xFC,0xFC,0x08,0x04,0xFC,0xF8,0x08,0x04,0xFC,0xFC,0x00,
	0x10,0x1F,0x1F,0x10,0x10,0x1F,0x1F,0x10,0x10,0x1F,0x1F,0x10,/*"m",77*/
	
	0x00,0x00,0x00,0x00,0x00,0x00,0x00,0x00,0x00,0x00,0x00,0x00,
	0x00,0x04,0xFC,0xFC,0x08,0x04,0x04,0x04,0xFC,0xF8,0x00,0x00,
	0x00,0x10,0x1F,0x1F,0x10,0x00,0x00,0x10,0x1F,0x1F,0x10,0x00,/*"n",78*/
	
	0x00,0x00,0x00,0x00,0x00,0x00,0x00,0x00,0x00,0x00,0x00,0x00,
	0x00,0xE0,0xF0,0x18,0x0C,0x04,0x04,0x0C,0x18,0xF0,0xE0,0x00,
	0x00,0x03,0x0F,0x0C,0x10,0x10,0x10,0x10,0x0C,0x0F,0x03,0x00,/*"o",79*/
	
	0x00,0x00,0x00,0x00,0x00,0x00,0x00,0x00,0x00,0x00,0x00,0x00,
	0x00,0x04,0xFC,0xFC,0x08,0x04,0x04,0x04,0x0C,0xF8,0xF0,0x00,
	0x00,0x80,0xFF,0xFF,0x88,0x90,0x10,0x10,0x1C,0x0F,0x03,0x00,/*"p",80*/
	
	0x00,0x00,0x00,0x00,0x00,0x00,0x00,0x00,0x00,0x00,0x00,0x00,
	0x00,0xE0,0xF8,0x1C,0x04,0x04,0x04,0x08,0xF8,0xFC,0x00,0x00,
	0x00,0x03,0x0F,0x18,0x10,0x10,0x90,0x88,0xFF,0xFF,0x80,0x00,/*"q",81*/
	
	0x00,0x00,0x00,0x00,0x00,0x00,0x00,0x00,0x00,0x00,0x00,0x00,
	0x04,0x04,0x04,0xFC,0xFC,0x10,0x08,0x04,0x04,0x1C,0x18,0x00,
	0x10,0x10,0x10,0x1F,0x1F,0x10,0x10,0x10,0x00,0x00,0x00,0x00,/*"r",82*/
	
	0x00,0x00,0x00,0x00,0x00,0x00,0x00,0x00,0x00,0x00,0x00,0x00,
	0x00,0x00,0x38,0x78,0xCC,0xC4,0x84,0x84,0x0C,0x3C,0x00,0x00,
	0x00,0x00,0x1E,0x18,0x10,0x10,0x11,0x19,0x1F,0x0F,0x00,0x00,/*"s",83*/
	
	0x00,0x00,0x00,0x00,0x00,0xC0,0x00,0x00,0x00,0x00,0x00,0x00,
	0x00,0x04,0x04,0x04,0xFF,0xFF,0x04,0x04,0x04,0x00,0x00,0x00,
	0x00,0x00,0x00,0x00,0x0F,0x1F,0x10,0x10,0x10,0x0C,0x00,0x00,/*"t",84*/
	
	0x00,0x00,0x00,0x00,0x00,0x00,0x00,0x00,0x00,0x00,0x00,0x00,
	0x00,0x04,0xFC,0xFE,0x00,0x00,0x00,0x04,0xFC,0xFE,0x00,0x00,
	0x00,0x00,0x0F,0x1F,0x18,0x10,0x10,0x08,0x1F,0x0F,0x08,0x00,/*"u",85*/
	
	0x00,0x00,0x00,0x00,0x00,0x00,0x00,0x00,0x00,0x00,0x00,0x00,
	0x00,0x04,0x0C,0x7C,0xC4,0x00,0x00,0x80,0x74,0x0C,0x04,0x00,
	0x00,0x00,0x00,0x00,0x03,0x1F,0x0C,0x03,0x00,0x00,0x00,0x00,/*"v",86*/
	
	0x00,0x00,0x00,0x00,0x00,0x00,0x00,0x00,0x00,0x00,0x00,0x00,
	0x04,0x1C,0xF4,0x80,0x04,0xEC,0xFC,0x84,0x00,0xE4,0x1C,0x04,
	0x00,0x00,0x01,0x1F,0x0F,0x00,0x00,0x0F,0x0F,0x00,0x00,0x00,/*"w",87*/
	
	0x00,0x00,0x00,0x00,0x00,0x00,0x00,0x00,0x00,0x00,0x00,0x00,
	0x00,0x00,0x04,0x0C,0x3C,0xE4,0xC0,0x24,0x1C,0x04,0x04,0x00,
	0x00,0x10,0x10,0x1C,0x12,0x01,0x01,0x13,0x1C,0x18,0x10,0x00,/*"x",88*/
	
	0x00,0x00,0x00,0x00,0x00,0x00,0x00,0x00,0x00,0x00,0x00,0x00,
	0x00,0x04,0x04,0x3C,0xC4,0x00,0x00,0xC4,0x3C,0x04,0x04,0x00,
	0x00,0x00,0xC0,0x80,0x81,0x7F,0x0E,0x01,0x00,0x00,0x00,0x00,/*"y",89*/
	
	0x00,0x00,0x00,0x00,0x00,0x00,0x00,0x00,0x00,0x00,0x00,0x00,
	0x00,0x00,0x3C,0x04,0x04,0xC4,0x74,0x1C,0x0C,0x00,0x00,0x00,
	0x00,0x00,0x18,0x1E,0x13,0x11,0x10,0x10,0x18,0x0E,0x00,0x00,/*"z",90*/
	
	0x00,0x00,0x00,0x00,0x00,0x00,0x00,0xF8,0x04,0x04,0x00,0x00,
	0x00,0x00,0x00,0x00,0x00,0x10,0x28,0xC7,0x00,0x00,0x00,0x00,
	0x00,0x00,0x00,0x00,0x00,0x00,0x00,0x3F,0x40,0x40,0x00,0x00,/*"{",91*/
	
	0x00,0x00,0x00,0x00,0x00,0x00,0xFF,0x00,0x00,0x00,0x00,0x00,
	0x00,0x00,0x00,0x00,0x00,0x00,0xFF,0x00,0x00,0x00,0x00,0x00,
	0x00,0x00,0x00,0x00,0x00,0x00,0xFF,0x00,0x00,0x00,0x00,0x00,/*"|",92*/
	
	0x00,0x00,0x04,0x04,0xF8,0x00,0x00,0x00,0x00,0x00,0x00,0x00,
	0x00,0x00,0x00,0x00,0xC7,0x28,0x10,0x00,0x00,0x00,0x00,0x00,
	0x00,0x00,0x40,0x40,0x3F,0x00,0x00,0x00,0x00,0x00,0x00,0x00,/*"}",93*/
	
	0x00,0x0C,0x02,0x02,0x02,0x04,0x08,0x18,0x10,0x10,0x0C,0x00,
	0x00,0x00,0x00,0x00,0x00,0x00,0x00,0x00,0x00,0x00,0x00,0x00,
	0x00,0x00,0x00,0x00,0x00,0x00,0x00,0x00,0x00,0x00,0x00,0x00,/*"~",94*/
};
/*********************ASCII字模数据*/


/*汉字字模数据*********************/

/*相同的汉字只需要定义一次，汉字不分先后顺序*/
/*必须全部为汉字或者全角字符，不要加入任何半角字符*/

/*宽16像素，高16像素*/
const ChineseCell_t OLED_CF16x16[] = {
	
	"，",
	0x00,0x00,0x00,0x00,0x00,0x00,0x00,0x00,0x00,0x00,0x00,0x00,0x00,0x00,0x00,0x00,
	0x00,0x00,0x58,0x38,0x00,0x00,0x00,0x00,0x00,0x00,0x00,0x00,0x00,0x00,0x00,0x00,
	
	"。",
	0x00,0x00,0x00,0x00,0x00,0x00,0x00,0x00,0x00,0x00,0x00,0x00,0x00,0x00,0x00,0x00,
	0x00,0x00,0x18,0x24,0x24,0x18,0x00,0x00,0x00,0x00,0x00,0x00,0x00,0x00,0x00,0x00,
	
	"你",
	0x00,0x80,0x60,0xF8,0x07,0x40,0x20,0x18,0x0F,0x08,0xC8,0x08,0x08,0x28,0x18,0x00,
	0x01,0x00,0x00,0xFF,0x00,0x10,0x0C,0x03,0x40,0x80,0x7F,0x00,0x01,0x06,0x18,0x00,
	
	"好",
	0x10,0x10,0xF0,0x1F,0x10,0xF0,0x00,0x80,0x82,0x82,0xE2,0x92,0x8A,0x86,0x80,0x00,
	0x40,0x22,0x15,0x08,0x16,0x61,0x00,0x00,0x40,0x80,0x7F,0x00,0x00,0x00,0x00,0x00,
	
	"世",
	0x20,0x20,0x20,0xFE,0x20,0x20,0xFF,0x20,0x20,0x20,0xFF,0x20,0x20,0x20,0x20,0x00,
	0x00,0x00,0x00,0x7F,0x40,0x40,0x47,0x44,0x44,0x44,0x47,0x40,0x40,0x40,0x00,0x00,
	
	"界",
	0x00,0x00,0x00,0xFE,0x92,0x92,0x92,0xFE,0x92,0x92,0x92,0xFE,0x00,0x00,0x00,0x00,
	0x08,0x08,0x04,0x84,0x62,0x1E,0x01,0x00,0x01,0xFE,0x02,0x04,0x04,0x08,0x08,0x00,
	"子",
	0x80,0x82,0x82,0x82,0x82,0x82,0x82,0xE2,0xA2,0x92,0x8A,0x86,0x82,0x80,0x80,0x00,
	0x00,0x00,0x00,0x00,0x00,0x40,0x80,0x7F,0x00,0x00,0x00,0x00,0x00,0x00,0x00,0x00,
	"鼠",
	0x00,0x00,0x7E,0x4A,0x4A,0x49,0x40,0x40,0x40,0x4A,0x4A,0x4A,0x7E,0x00,0x00,0x00,
	0x00,0x00,0xFF,0x80,0x49,0x12,0x00,0xFF,0x80,0x49,0x12,0x00,0x3F,0x40,0xF0,0x00,
	"正",
	0x00,0x02,0x02,0xC2,0x02,0x02,0x02,0xFE,0x82,0x82,0x82,0x82,0x82,0x02,0x00,0x00,
	0x40,0x40,0x40,0x7F,0x40,0x40,0x40,0x7F,0x40,0x40,0x40,0x40,0x40,0x40,0x40,0x00,
	"月",
	0x00,0x00,0x00,0xFE,0x22,0x22,0x22,0x22,0x22,0x22,0x22,0x22,0xFE,0x00,0x00,0x00,
	0x80,0x40,0x30,0x0F,0x02,0x02,0x02,0x02,0x02,0x02,0x42,0x82,0x7F,0x00,0x00,0x00,
	"立",
	0x00,0x10,0x10,0x90,0x10,0x10,0x11,0x16,0x10,0x10,0x10,0xD0,0x10,0x10,0x00,0x00,
	0x40,0x40,0x40,0x40,0x43,0x5C,0x40,0x40,0x50,0x4C,0x43,0x40,0x40,0x40,0x40,0x00,
	"春",
	0x40,0x44,0x54,0x54,0xD4,0x54,0x74,0x5F,0x54,0x54,0xD4,0x54,0x54,0x44,0x40,0x00,
	0x04,0x04,0x02,0x01,0xFE,0x92,0x92,0x92,0x92,0x92,0xFE,0x01,0x02,0x04,0x04,0x00,
	"子",
	0x80,0x82,0x82,0x82,0x82,0x82,0x82,0xE2,0xA2,0x92,0x8A,0x86,0x82,0x80,0x80,0x00,
	0x00,0x00,0x00,0x00,0x00,0x40,0x80,0x7F,0x00,0x00,0x00,0x00,0x00,0x00,0x00,0x00,
	"鼠",
	0x00,0x00,0x7E,0x4A,0x4A,0x49,0x40,0x40,0x40,0x4A,0x4A,0x4A,0x7E,0x00,0x00,0x00,
	0x00,0x00,0xFF,0x80,0x49,0x12,0x00,0xFF,0x80,0x49,0x12,0x00,0x3F,0x40,0xF0,0x00,
	"丑",
	0x00,0x00,0x82,0x82,0x82,0x82,0xFE,0x82,0x82,0x82,0x82,0xFE,0x00,0x00,0x00,0x00,
	0x40,0x40,0x40,0x40,0x40,0x7F,0x40,0x40,0x40,0x40,0x40,0x7F,0x40,0x40,0x40,0x00,
	"牛",
	0x00,0x40,0x20,0x1E,0x10,0x10,0x10,0xFF,0x10,0x10,0x10,0x10,0x10,0x00,0x00,0x00,
	0x02,0x02,0x02,0x02,0x02,0x02,0x02,0xFF,0x02,0x02,0x02,0x02,0x02,0x02,0x02,0x00,
	"寅",
	0x10,0x0C,0x04,0xD4,0x54,0x54,0x55,0xF6,0x54,0x54,0x54,0xD4,0x04,0x14,0x0C,0x00,
	0x00,0x00,0x00,0x9F,0x52,0x32,0x12,0x1F,0x12,0x32,0x52,0x9F,0x00,0x00,0x00,0x00,
	"虎",
	0x00,0x00,0xF8,0x08,0x48,0x48,0x48,0xFF,0x4A,0x2A,0x2A,0x0A,0xCA,0x18,0x00,0x00,
	0x80,0x60,0x1F,0x80,0x40,0x20,0x1C,0x04,0x05,0x05,0x7D,0x81,0x81,0xE0,0x00,0x00,
	"卯",
	0x00,0xFE,0x02,0x02,0x01,0xFD,0x00,0x00,0xFE,0x02,0x02,0x02,0x02,0xFE,0x00,0x00,
	0x00,0x07,0x84,0x44,0x32,0x0F,0x00,0x00,0xFF,0x00,0x04,0x08,0x04,0x03,0x00,0x00,
	"兔",
	0x40,0x20,0xF0,0x28,0x27,0x24,0x24,0xE4,0x24,0x34,0x2C,0x20,0xE0,0x00,0x00,0x00,
	0x80,0x80,0x47,0x22,0x12,0x0A,0x06,0x03,0x7E,0x82,0x8A,0xB2,0x87,0x80,0xE0,0x00,
	"辰",
	0x00,0x00,0xFE,0x82,0x92,0x92,0x92,0x92,0x92,0x92,0x92,0x92,0x92,0x82,0x00,0x00,
	0x40,0x30,0x0F,0x00,0x00,0xFF,0x40,0x20,0x03,0x04,0x08,0x14,0x22,0x40,0x40,0x00,
	"龙",
	0x10,0x10,0x10,0x10,0x10,0xFF,0x10,0x10,0xF0,0x10,0x11,0x16,0xD0,0x10,0x10,0x00,
	0x80,0x40,0x20,0x18,0x06,0x41,0x20,0x10,0x3F,0x44,0x42,0x41,0x40,0x40,0x78,0x00,
	"巳",
	0x00,0x00,0xFE,0x82,0x82,0x82,0x82,0x82,0x82,0x82,0x82,0xFE,0x00,0x00,0x00,0x00,
	0x00,0x00,0x3F,0x40,0x40,0x40,0x40,0x40,0x40,0x40,0x40,0x40,0x40,0x78,0x00,0x00,
	"蛇",
	0x00,0xF8,0x08,0xFF,0x08,0xF8,0x20,0x18,0xC8,0x08,0x09,0x0E,0x88,0x28,0x18,0x00,
	0x20,0x63,0x21,0x1F,0x11,0x19,0x30,0x00,0x3F,0x44,0x42,0x41,0x40,0x40,0x78,0x00,
	"午",
	0x00,0x40,0x20,0x18,0x0F,0x08,0x08,0xF8,0x08,0x08,0x08,0x08,0x08,0x00,0x00,0x00,
	0x02,0x02,0x02,0x02,0x02,0x02,0x02,0xFF,0x02,0x02,0x02,0x02,0x02,0x02,0x02,0x00,
	"马",
	0x00,0x02,0x02,0xF2,0x82,0x82,0x82,0x82,0x82,0x82,0xFE,0x80,0x80,0x80,0x00,0x00,
	0x08,0x08,0x08,0x08,0x08,0x08,0x08,0x08,0x08,0x08,0x48,0x80,0x40,0x3F,0x00,0x00,
	"未",
	0x80,0x80,0x88,0x88,0x88,0x88,0x88,0xFF,0x88,0x88,0x88,0x88,0x88,0x80,0x80,0x00,
	0x20,0x20,0x10,0x08,0x04,0x02,0x01,0xFF,0x01,0x02,0x04,0x08,0x10,0x20,0x20,0x00,
	"羊",
	0x00,0x08,0x88,0x88,0x89,0x8E,0x88,0xF8,0x88,0x8C,0x8B,0x88,0x88,0x08,0x00,0x00,
	0x08,0x08,0x08,0x08,0x08,0x08,0x08,0xFF,0x08,0x08,0x08,0x08,0x08,0x08,0x08,0x00,
	"申",
	0x00,0x00,0xF8,0x88,0x88,0x88,0x88,0xFF,0x88,0x88,0x88,0x88,0xF8,0x00,0x00,0x00,
	0x00,0x00,0x1F,0x08,0x08,0x08,0x08,0xFF,0x08,0x08,0x08,0x08,0x1F,0x00,0x00,0x00,
	"猴",
	0x22,0x14,0x08,0xF4,0x42,0x20,0xF8,0x07,0x10,0xF2,0x92,0x92,0x9E,0x90,0x10,0x00,
	0x44,0x82,0x41,0x3F,0x00,0x00,0xFF,0x00,0x85,0x44,0x34,0x0F,0x34,0x44,0x84,0x00,
	"酉",
	0x02,0xF2,0x12,0x12,0x92,0x7E,0x12,0x12,0x12,0xFE,0x12,0x12,0x12,0xF2,0x02,0x00,
	0x00,0xFF,0x4A,0x49,0x48,0x48,0x48,0x48,0x48,0x48,0x49,0x49,0x49,0xFF,0x00,0x00,
	"鸡",
	0x08,0x48,0x88,0x08,0xC8,0x38,0x00,0x00,0xFC,0x06,0x15,0x44,0x84,0x7C,0x00,0x00,
	0x20,0x10,0x0C,0x03,0x04,0x18,0x00,0x10,0x13,0x12,0x12,0x52,0x92,0x42,0x3E,0x00,
	"戌",
	0x00,0x00,0xF8,0x08,0x08,0x08,0x08,0x08,0x08,0xFF,0x08,0x09,0x0A,0xC8,0x08,0x00,
	0x80,0x60,0x1F,0x01,0x01,0x01,0x01,0x80,0x40,0x21,0x16,0x18,0x26,0x41,0xF8,0x00,
	"狗",
	0x40,0x22,0x14,0x08,0xF4,0x22,0x10,0xCC,0x4B,0x48,0xC8,0x08,0x08,0xF8,0x00,0x00,
	0x08,0x44,0x82,0x41,0x3F,0x00,0x00,0x0F,0x04,0x04,0x4F,0x80,0x40,0x3F,0x00,0x00,
	"亥",
	0x00,0x08,0x08,0x88,0x48,0x28,0x19,0x0A,0x08,0x88,0x48,0x08,0x08,0x08,0x00,0x00,
	0x00,0x90,0x91,0x89,0x49,0x45,0x25,0x23,0x11,0x08,0x14,0x22,0x41,0x80,0x00,0x00,
	"猪",
	0x22,0x14,0x08,0xF4,0x02,0x20,0x24,0x24,0xA4,0x7F,0x24,0x34,0x28,0x26,0x20,0x00,
	0x44,0x82,0x41,0x3F,0x00,0x04,0x02,0xFF,0x49,0x49,0x49,0x49,0xFF,0x00,0x00,0x00,
	"正",
	0x00,0x02,0x02,0xC2,0x02,0x02,0x02,0xFE,0x82,0x82,0x82,0x82,0x82,0x02,0x00,0x00,
	0x40,0x40,0x40,0x7F,0x40,0x40,0x40,0x7F,0x40,0x40,0x40,0x40,0x40,0x40,0x40,0x00,
	"二",
	0x00,0x00,0x08,0x08,0x08,0x08,0x08,0x08,0x08,0x08,0x08,0x08,0x08,0x00,0x00,0x00,
	0x10,0x10,0x10,0x10,0x10,0x10,0x10,0x10,0x10,0x10,0x10,0x10,0x10,0x10,0x10,0x00,
	"三",
	0x00,0x04,0x84,0x84,0x84,0x84,0x84,0x84,0x84,0x84,0x84,0x84,0x84,0x04,0x00,0x00,
	0x20,0x20,0x20,0x20,0x20,0x20,0x20,0x20,0x20,0x20,0x20,0x20,0x20,0x20,0x20,0x00,
	"四",
	0x00,0xFC,0x04,0x04,0x04,0xFC,0x04,0x04,0x04,0xFC,0x04,0x04,0x04,0xFC,0x00,0x00,
	0x00,0x7F,0x28,0x24,0x23,0x20,0x20,0x20,0x20,0x21,0x22,0x22,0x22,0x7F,0x00,0x00,
	"五",
	0x00,0x02,0x42,0x42,0x42,0xC2,0x7E,0x42,0x42,0x42,0x42,0xC2,0x02,0x02,0x00,0x00,
	0x40,0x40,0x40,0x40,0x78,0x47,0x40,0x40,0x40,0x40,0x40,0x7F,0x40,0x40,0x40,0x00,
	"六",
	0x20,0x20,0x20,0x20,0x20,0x20,0x21,0x22,0x2C,0x20,0x20,0x20,0x20,0x20,0x20,0x00,
	0x00,0x40,0x20,0x10,0x0C,0x03,0x00,0x00,0x00,0x01,0x02,0x04,0x18,0x60,0x00,0x00,
	"七",
	0x80,0x80,0x80,0x80,0x80,0x40,0xFF,0x40,0x40,0x40,0x20,0x20,0x20,0x20,0x00,0x00,
	0x00,0x00,0x00,0x00,0x00,0x00,0x3F,0x40,0x40,0x40,0x40,0x40,0x40,0x78,0x00,0x00,
	"八",
	0x00,0x00,0x00,0x00,0x00,0xFC,0x00,0x00,0x00,0x7E,0x80,0x00,0x00,0x00,0x00,0x00,
	0x00,0x80,0x60,0x18,0x07,0x00,0x00,0x00,0x00,0x00,0x03,0x0C,0x30,0x40,0x80,0x00,
	"九",
	0x00,0x10,0x10,0x10,0x10,0xFF,0x10,0x10,0x10,0x10,0xF0,0x00,0x00,0x00,0x00,0x00,
	0x80,0x40,0x20,0x18,0x07,0x00,0x00,0x00,0x00,0x00,0x3F,0x40,0x40,0x40,0x78,0x00,
	"十",
	0x40,0x40,0x40,0x40,0x40,0x40,0x40,0xFF,0x40,0x40,0x40,0x40,0x40,0x40,0x40,0x00,
	0x00,0x00,0x00,0x00,0x00,0x00,0x00,0xFF,0x00,0x00,0x00,0x00,0x00,0x00,0x00,0x00,
	"冬",
	0x00,0x20,0x10,0x08,0x94,0xA7,0x44,0x44,0x44,0xA4,0x94,0x0C,0x00,0x00,0x00,0x00,
	0x02,0x02,0x01,0x01,0x20,0x24,0x24,0x44,0x48,0x88,0x10,0x01,0x01,0x02,0x02,0x00,
	"腊",
	0x00,0xFE,0x22,0x22,0xFE,0x40,0x48,0x48,0x7F,0x48,0x48,0x48,0x7F,0x48,0x48,0x00,
	0x80,0x7F,0x02,0x82,0xFF,0x00,0x00,0xFF,0x49,0x49,0x49,0x49,0x49,0xFF,0x00,0x00,
	"月",
	0x00,0x00,0x00,0xFE,0x22,0x22,0x22,0x22,0x22,0x22,0x22,0x22,0xFE,0x00,0x00,0x00,
	0x80,0x40,0x30,0x0F,0x02,0x02,0x02,0x02,0x02,0x02,0x42,0x82,0x7F,0x00,0x00,0x00,
	"立",
	0x00,0x10,0x10,0x90,0x10,0x10,0x11,0x16,0x10,0x10,0x10,0xD0,0x10,0x10,0x00,0x00,
	0x40,0x40,0x40,0x40,0x43,0x5C,0x40,0x40,0x50,0x4C,0x43,0x40,0x40,0x40,0x40,0x00,
	"春",
	0x40,0x44,0x54,0x54,0xD4,0x54,0x74,0x5F,0x54,0x54,0xD4,0x54,0x54,0x44,0x40,0x00,
	0x04,0x04,0x02,0x01,0xFE,0x92,0x92,0x92,0x92,0x92,0xFE,0x01,0x02,0x04,0x04,0x00,
	"雨",
	0x02,0xE2,0x22,0x22,0x22,0x22,0x22,0xFE,0x22,0x22,0x22,0x22,0x22,0xE2,0x02,0x00,
	0x00,0xFF,0x00,0x00,0x09,0x12,0x00,0x7F,0x00,0x09,0x12,0x40,0x80,0x7F,0x00,0x00,
	"水",
	0x00,0x20,0x20,0x20,0xA0,0x60,0x00,0xFF,0x60,0x80,0x40,0x20,0x18,0x00,0x00,0x00,
	0x20,0x10,0x08,0x06,0x01,0x40,0x80,0x7F,0x00,0x01,0x02,0x04,0x08,0x10,0x10,0x00,
	"惊",
	0x00,0xE0,0x00,0xFF,0x10,0x20,0x04,0xE4,0x24,0x25,0x26,0x24,0x24,0xE4,0x04,0x00,
	0x01,0x00,0x00,0xFF,0x00,0x20,0x10,0x0D,0x41,0x81,0x7F,0x01,0x05,0x09,0x30,0x00,
	"蛰",
	0x24,0xA4,0x24,0xFF,0x14,0x00,0x84,0x54,0x3F,0x44,0x04,0x7C,0x80,0xE0,0x00,0x00,
	0x00,0x40,0xC1,0x5E,0x52,0x53,0x52,0x7F,0x52,0x52,0x52,0x5E,0x60,0xC1,0x00,0x00,
	"分",
	0x80,0x40,0x20,0x90,0x88,0x86,0x80,0x80,0x80,0x83,0x8C,0x10,0x20,0x40,0x80,0x00,
	0x00,0x80,0x40,0x20,0x18,0x07,0x00,0x40,0x80,0x40,0x3F,0x00,0x00,0x00,0x00,0x00,
	"清",
	0x10,0x60,0x02,0x8C,0x00,0x44,0x54,0x54,0x54,0x7F,0x54,0x54,0x54,0x44,0x40,0x00,
	0x04,0x04,0x7E,0x01,0x00,0x00,0xFF,0x15,0x15,0x15,0x55,0x95,0x7F,0x00,0x00,0x00,
	"明",
	0x00,0xFC,0x44,0x44,0x44,0xFC,0x00,0x00,0xFE,0x22,0x22,0x22,0x22,0xFE,0x00,0x00,
	0x00,0x0F,0x04,0x04,0x04,0x8F,0x40,0x30,0x0F,0x02,0x02,0x42,0x82,0x7F,0x00,0x00,
	"谷",
	0x00,0x10,0x88,0x84,0x43,0x20,0x10,0x0C,0x10,0x20,0x41,0x82,0x84,0x08,0x00,0x00,
	0x01,0x01,0x00,0xFE,0x42,0x42,0x42,0x42,0x42,0x42,0x42,0xFE,0x00,0x01,0x01,0x00,
	"立",
	0x00,0x10,0x10,0x90,0x10,0x10,0x11,0x16,0x10,0x10,0x10,0xD0,0x10,0x10,0x00,0x00,
	0x40,0x40,0x40,0x40,0x43,0x5C,0x40,0x40,0x50,0x4C,0x43,0x40,0x40,0x40,0x40,0x00,
	"夏",
	0x00,0x01,0x01,0xFD,0x55,0x55,0x57,0x55,0x55,0x55,0x55,0xFD,0x01,0x01,0x00,0x00,
	0x80,0x90,0x88,0x45,0x4F,0x55,0x25,0x25,0x25,0x55,0x4D,0x45,0x80,0x80,0x80,0x00,
	"小",
	0x00,0x00,0x00,0xE0,0x00,0x00,0x00,0xFF,0x00,0x00,0x00,0x20,0x40,0x80,0x00,0x00,
	0x08,0x04,0x03,0x00,0x00,0x40,0x80,0x7F,0x00,0x00,0x00,0x00,0x00,0x01,0x0E,0x00,
	"满",
	0x10,0x60,0x02,0x8C,0x00,0x24,0x24,0x2F,0xE4,0x24,0x24,0xE4,0x2F,0x24,0x24,0x00,
	0x04,0x04,0x7E,0x01,0x00,0xFF,0x11,0x09,0x07,0x19,0x09,0x07,0x49,0x91,0x7F,0x00,
	"芒",
	0x84,0x84,0x84,0x84,0x9F,0x84,0xA4,0xC4,0x84,0x84,0x9F,0x84,0x84,0x84,0x84,0x00,
	0x00,0x00,0x00,0x00,0x7F,0x40,0x40,0x40,0x40,0x40,0x40,0x40,0x40,0x40,0x00,0x00,
	"种",
	0x24,0x24,0xA4,0xFE,0x23,0x22,0x00,0xF0,0x10,0x10,0xFF,0x10,0x10,0xF0,0x00,0x00,
	0x08,0x06,0x01,0xFF,0x01,0x06,0x00,0x07,0x02,0x02,0xFF,0x02,0x02,0x07,0x00,0x00,
	"至",
	0x00,0x02,0x42,0x62,0x52,0x4A,0x46,0x42,0x42,0x42,0x52,0x62,0xC2,0x02,0x00,0x00,
	0x40,0x40,0x44,0x44,0x44,0x44,0x44,0x7F,0x44,0x44,0x44,0x44,0x44,0x40,0x40,0x00,
	"小",
	0x00,0x00,0x00,0xE0,0x00,0x00,0x00,0xFF,0x00,0x00,0x00,0x20,0x40,0x80,0x00,0x00,
	0x08,0x04,0x03,0x00,0x00,0x40,0x80,0x7F,0x00,0x00,0x00,0x00,0x00,0x01,0x0E,0x00,
	"暑",
	0x00,0x00,0x00,0x5F,0x55,0x55,0xF5,0x55,0x55,0x55,0x95,0x5F,0x00,0x00,0x00,0x00,
	0x11,0x11,0x09,0x09,0xFD,0x55,0x57,0x57,0x55,0x55,0x55,0xFD,0x01,0x01,0x01,0x00,
	"大",
	0x20,0x20,0x20,0x20,0x20,0x20,0x20,0xFF,0x20,0x20,0x20,0x20,0x20,0x20,0x20,0x00,
	0x80,0x80,0x40,0x20,0x10,0x0C,0x03,0x00,0x03,0x0C,0x10,0x20,0x40,0x80,0x80,0x00,
	"秋",
	0x24,0x24,0xA4,0xFE,0x23,0x22,0x80,0x70,0x00,0xFF,0x00,0x80,0x40,0x30,0x00,0x00,
	0x08,0x06,0x01,0xFF,0x01,0x86,0x40,0x30,0x0E,0x01,0x06,0x18,0x20,0x40,0x80,0x00,
	"处",
	0x00,0x80,0x60,0x9F,0x08,0x08,0xF8,0x00,0x00,0xFF,0x10,0x20,0x40,0x80,0x00,0x00,
	0x81,0x40,0x20,0x13,0x0C,0x13,0x20,0x20,0x40,0x5F,0x40,0x40,0x40,0x41,0x40,0x00,
	"白",
	0x00,0x00,0xF8,0x08,0x08,0x0C,0x0A,0x09,0x08,0x08,0x08,0x08,0xF8,0x00,0x00,0x00,
	0x00,0x00,0xFF,0x41,0x41,0x41,0x41,0x41,0x41,0x41,0x41,0x41,0xFF,0x00,0x00,0x00,
	"露",
	0x10,0x0C,0x05,0x55,0x55,0x55,0x05,0x7F,0x05,0xD5,0x55,0x55,0x05,0x14,0x0C,0x00,
	0x80,0xF7,0x85,0x7D,0x55,0x57,0x00,0x0A,0xE9,0xAB,0xA5,0xA5,0xEB,0x08,0x08,0x00,
	"寒",
	0x10,0x0C,0x44,0x54,0x54,0xFC,0x55,0x56,0x54,0xFC,0x54,0x54,0x44,0x14,0x0C,0x00,
	0x11,0x11,0x09,0x05,0x03,0x21,0x25,0x45,0x49,0x91,0x03,0x05,0x09,0x11,0x11,0x00,
	"露",
	0x10,0x0C,0x05,0x55,0x55,0x55,0x05,0x7F,0x05,0xD5,0x55,0x55,0x05,0x14,0x0C,0x00,
	0x80,0xF7,0x85,0x7D,0x55,0x57,0x00,0x0A,0xE9,0xAB,0xA5,0xA5,0xEB,0x08,0x08,0x00,
	"霜",
	0x10,0x0C,0x05,0x55,0x55,0x55,0x05,0x7F,0x05,0x55,0x55,0x55,0x05,0x14,0x0C,0x00,
	0x20,0x12,0x0A,0x06,0xFF,0x0A,0x12,0x00,0xFF,0x55,0x55,0x55,0x55,0xFF,0x00,0x00,
	"降",
	0x00,0xFE,0x02,0x22,0xDA,0x86,0x90,0x48,0x57,0x24,0xA4,0x54,0x4C,0x84,0x80,0x00,
	0x00,0xFF,0x08,0x10,0x08,0x07,0x18,0x12,0x12,0x12,0xFF,0x12,0x12,0x12,0x10,0x00,
	"冬",
	0x00,0x20,0x10,0x08,0x94,0xA7,0x44,0x44,0x44,0xA4,0x94,0x0C,0x00,0x00,0x00,0x00,
	0x02,0x02,0x01,0x01,0x20,0x24,0x24,0x44,0x48,0x88,0x10,0x01,0x01,0x02,0x02,0x00,
	"雪",
	0x10,0x0C,0x05,0x55,0x55,0x55,0x05,0x7F,0x05,0x55,0x55,0x55,0x05,0x14,0x0C,0x00,
	0x00,0x00,0x41,0x49,0x49,0x49,0x49,0x49,0x49,0x49,0x49,0x49,0xFF,0x00,0x00,0x00,
	"寒",
	0x10,0x0C,0x44,0x54,0x54,0xFC,0x55,0x56,0x54,0xFC,0x54,0x54,0x44,0x14,0x0C,0x00,
	0x11,0x11,0x09,0x05,0x03,0x21,0x25,0x45,0x49,0x91,0x03,0x05,0x09,0x11,0x11,0x00,
	"初",
	0x08,0x08,0x89,0xEA,0x18,0x88,0x00,0x04,0x04,0xFC,0x04,0x04,0x04,0xFC,0x00,0x00,
	0x02,0x01,0x00,0xFF,0x01,0x86,0x40,0x20,0x18,0x07,0x40,0x80,0x40,0x3F,0x00,0x00,
	"十",
	0x40,0x40,0x40,0x40,0x40,0x40,0x40,0xFF,0x40,0x40,0x40,0x40,0x40,0x40,0x40,0x00,
	0x00,0x00,0x00,0x00,0x00,0x00,0x00,0xFF,0x00,0x00,0x00,0x00,0x00,0x00,0x00,0x00,
	"廿",
	0x20,0x20,0x20,0x20,0xFF,0x20,0x20,0x20,0x20,0x20,0x20,0xFF,0x20,0x20,0x20,0x00,
	0x00,0x00,0x00,0x00,0xFF,0x40,0x40,0x40,0x40,0x40,0x40,0xFF,0x00,0x00,0x00,0x00,
	"元",
	0x20,0x20,0x22,0x22,0x22,0xE2,0x22,0x22,0x22,0xE2,0x22,0x22,0x22,0x20,0x20,0x00,
	0x80,0x40,0x20,0x10,0x0C,0x03,0x00,0x00,0x00,0x3F,0x40,0x40,0x40,0x40,0x78,0x00,
	"旦",
	0x00,0x00,0x00,0xFE,0x42,0x42,0x42,0x42,0x42,0x42,0x42,0xFE,0x00,0x00,0x00,0x00,
	0x40,0x40,0x40,0x4F,0x48,0x48,0x48,0x48,0x48,0x48,0x48,0x4F,0x40,0x40,0x40,0x00,
	"一",
	0x80,0x80,0x80,0x80,0x80,0x80,0x80,0x80,0x80,0x80,0x80,0x80,0x80,0x80,0x80,0x00,
	0x00,0x00,0x00,0x00,0x00,0x00,0x00,0x00,0x00,0x00,0x00,0x00,0x00,0x00,0x00,0x00,
	"建",
	0x04,0x84,0xC4,0xB4,0x8C,0x10,0x54,0x54,0x54,0xFF,0x54,0x54,0x7C,0x10,0x10,0x00,
	0x80,0x44,0x28,0x18,0x27,0x28,0x49,0x49,0x49,0x7F,0x49,0x49,0x49,0x48,0x40,0x00,
	"军",
	0x08,0x06,0x22,0x22,0xA2,0x62,0x3A,0xA2,0x22,0x22,0x22,0x22,0x22,0x0A,0x06,0x00,
	0x10,0x10,0x12,0x13,0x12,0x12,0x12,0xFF,0x12,0x12,0x12,0x12,0x12,0x10,0x10,0x00,
	"节",
	0x04,0x44,0x44,0x44,0x5F,0x44,0xC4,0x44,0x44,0x44,0x5F,0x44,0xC4,0x04,0x04,0x00,
	0x00,0x00,0x00,0x00,0x00,0x00,0xFF,0x00,0x00,0x08,0x10,0x08,0x07,0x00,0x00,0x00,
	"国",
	0x00,0xFE,0x02,0x12,0x92,0x92,0x92,0xF2,0x92,0x92,0x92,0x12,0x02,0xFE,0x00,0x00,
	0x00,0xFF,0x40,0x48,0x48,0x48,0x48,0x4F,0x48,0x4A,0x4C,0x48,0x40,0xFF,0x00,0x00,
	"庆",
	0x00,0x00,0xFC,0x04,0x84,0x84,0x84,0x85,0xF6,0x84,0x84,0x84,0x84,0x84,0x04,0x00,
	0x40,0x30,0x0F,0x80,0x40,0x20,0x18,0x06,0x01,0x06,0x18,0x20,0x40,0x80,0x80,0x00,
	"中",
	0x00,0x00,0xF0,0x10,0x10,0x10,0x10,0xFF,0x10,0x10,0x10,0x10,0xF0,0x00,0x00,0x00,
	0x00,0x00,0x0F,0x04,0x04,0x04,0x04,0xFF,0x04,0x04,0x04,0x04,0x0F,0x00,0x00,0x00,
	"国",
	0x00,0xFE,0x02,0x12,0x92,0x92,0x92,0xF2,0x92,0x92,0x92,0x12,0x02,0xFE,0x00,0x00,
	0x00,0xFF,0x40,0x48,0x48,0x48,0x48,0x4F,0x48,0x4A,0x4C,0x48,0x40,0xFF,0x00,0x00,
	"老",
	0x20,0x20,0x24,0x24,0x24,0x24,0xBF,0x64,0x24,0x34,0x28,0x24,0x22,0x20,0x20,0x00,
	0x10,0x08,0x04,0x02,0x3F,0x45,0x44,0x44,0x42,0x42,0x42,0x41,0x78,0x00,0x00,0x00,
	"年",
	0x00,0x20,0x18,0xC7,0x44,0x44,0x44,0x44,0xFC,0x44,0x44,0x44,0x44,0x04,0x00,0x00,
	0x04,0x04,0x04,0x07,0x04,0x04,0x04,0x04,0xFF,0x04,0x04,0x04,0x04,0x04,0x04,0x00,
	"学",
	0x40,0x30,0x11,0x96,0x90,0x90,0x91,0x96,0x90,0x90,0x98,0x14,0x13,0x50,0x30,0x00,
	0x04,0x04,0x04,0x04,0x04,0x44,0x84,0x7E,0x06,0x05,0x04,0x04,0x04,0x04,0x04,0x00,
	"雷",
	0x20,0x18,0x0A,0xAA,0xAA,0xAA,0x0A,0xFE,0x0A,0xAA,0xAA,0xAA,0x0A,0x28,0x18,0x00,
	0x00,0x00,0xFE,0x92,0x92,0x92,0x92,0xFE,0x92,0x92,0x92,0x92,0xFE,0x00,0x00,0x00,
	"锋",
	0x20,0x10,0x2C,0xE7,0x24,0x24,0x80,0x90,0x4C,0x57,0xA4,0x54,0x4C,0x84,0x80,0x00,
	0x01,0x01,0x01,0x7F,0x21,0x11,0x10,0x10,0x15,0x15,0xFF,0x15,0x15,0x10,0x10,0x00,
	"纪",
	0x20,0x30,0xAC,0x63,0x10,0x00,0x84,0x84,0x84,0x84,0x84,0x84,0xFC,0x00,0x00,0x00,
	0x22,0x67,0x22,0x12,0x12,0x00,0x3F,0x40,0x40,0x40,0x40,0x40,0x41,0x40,0x78,0x00,
	"念",
	0x40,0x40,0x20,0x20,0x90,0x88,0x94,0xE3,0x84,0x88,0x90,0x20,0x20,0x40,0x40,0x00,
	0x40,0x30,0x00,0x00,0x38,0x40,0x40,0x44,0x5A,0x41,0x40,0x70,0x00,0x08,0x30,0x00,
	"日",
	0x00,0x00,0x00,0xFE,0x82,0x82,0x82,0x82,0x82,0x82,0x82,0xFE,0x00,0x00,0x00,0x00,
	0x00,0x00,0x00,0xFF,0x40,0x40,0x40,0x40,0x40,0x40,0x40,0xFF,0x00,0x00,0x00,0x00,
	"植",
	0x10,0x10,0xD0,0xFF,0x90,0x10,0x04,0xE4,0xA4,0xA4,0xBF,0xA4,0xA4,0xE4,0x04,0x00,
	0x04,0x03,0x00,0xFF,0x00,0x43,0x40,0x7F,0x4A,0x4A,0x4A,0x4A,0x4A,0x7F,0x40,0x00,
	"树",
	0x10,0x90,0xFF,0x90,0x10,0x24,0xC4,0x04,0xFC,0x00,0x90,0x10,0x10,0xFF,0x10,0x00,
	0x06,0x01,0xFF,0x00,0x21,0x10,0x0C,0x03,0x1C,0x00,0x00,0x43,0x80,0x7F,0x00,0x00,
	"妇",
	0x10,0x10,0xF0,0x1F,0x10,0xF0,0x00,0x84,0x84,0x84,0x84,0x84,0x84,0xFC,0x00,0x00,
	0x40,0x22,0x15,0x08,0x16,0x21,0x00,0x20,0x20,0x20,0x20,0x20,0x20,0x7F,0x00,0x00,
	"女",
	0x20,0x20,0x20,0x20,0xA0,0x70,0x2F,0x20,0x20,0x20,0xE0,0x20,0x20,0x20,0x20,0x00,
	0x00,0x80,0x80,0x46,0x45,0x28,0x28,0x10,0x18,0x26,0x21,0x40,0x80,0x00,0x00,0x00,
	"生",
	0x80,0x40,0x30,0x1E,0x10,0x10,0x10,0xFF,0x10,0x10,0x10,0x10,0x10,0x10,0x00,0x00,
	0x40,0x40,0x42,0x42,0x42,0x42,0x42,0x7F,0x42,0x42,0x42,0x42,0x42,0x40,0x40,0x00,
	"愚",
	0x00,0x00,0xC0,0x5F,0x55,0x55,0x55,0xFF,0x55,0x55,0x55,0x5F,0xC0,0x00,0x00,0x00,
	0x80,0x60,0x0F,0x00,0x62,0x86,0x82,0x93,0xA2,0x83,0x86,0xC8,0x07,0x20,0xC0,0x00,
	"人",
	0x00,0x00,0x00,0x00,0x00,0x00,0xC0,0x3F,0xC0,0x00,0x00,0x00,0x00,0x00,0x00,0x00,
	0x80,0x40,0x20,0x10,0x0C,0x03,0x00,0x00,0x00,0x03,0x0C,0x10,0x20,0x40,0x80,0x00,
	"海",
	0x10,0x60,0x02,0x0C,0xC0,0x10,0x08,0xF7,0x14,0x54,0x94,0x14,0xF4,0x04,0x00,0x00,
	0x04,0x04,0x7C,0x03,0x00,0x01,0x1D,0x13,0x11,0x55,0x99,0x51,0x3F,0x11,0x01,0x00,
	"军",
	0x08,0x06,0x22,0x22,0xA2,0x62,0x3A,0xA2,0x22,0x22,0x22,0x22,0x22,0x0A,0x06,0x00,
	0x10,0x10,0x12,0x13,0x12,0x12,0x12,0xFF,0x12,0x12,0x12,0x12,0x12,0x10,0x10,0x00,
	"建",
	0x04,0x84,0xC4,0xB4,0x8C,0x10,0x54,0x54,0x54,0xFF,0x54,0x54,0x7C,0x10,0x10,0x00,
	0x80,0x44,0x28,0x18,0x27,0x28,0x49,0x49,0x49,0x7F,0x49,0x49,0x49,0x48,0x40,0x00,
	"航",
	0x80,0xFC,0x96,0xE5,0x84,0xFC,0x00,0x08,0xC8,0x49,0x4A,0xC8,0x08,0x08,0x00,0x00,
	0x80,0x7F,0x02,0x4C,0x80,0x7F,0x80,0x60,0x1F,0x00,0x00,0x3F,0x40,0x40,0x78,0x00,
	"天",
	0x40,0x40,0x42,0x42,0x42,0x42,0x42,0xFE,0x42,0x42,0x42,0x42,0x42,0x40,0x40,0x00,
	0x80,0x80,0x40,0x20,0x10,0x0C,0x03,0x00,0x03,0x0C,0x10,0x20,0x40,0x80,0x80,0x00,
	"劳",
	0x84,0x64,0x24,0x24,0x2F,0x24,0xE4,0x24,0x24,0x24,0x2F,0x24,0x24,0xA4,0x64,0x00,
	0x00,0x00,0x81,0x41,0x21,0x19,0x07,0x01,0x41,0x81,0x41,0x3F,0x00,0x00,0x00,0x00,
	"动",
	0x40,0x44,0xC4,0x44,0x44,0x44,0x40,0x10,0x10,0xFF,0x10,0x10,0x10,0xF0,0x00,0x00,
	0x10,0x3C,0x13,0x10,0x14,0xB8,0x40,0x30,0x0E,0x01,0x40,0x80,0x40,0x3F,0x00,0x00,
	"青",
	0x40,0x44,0x54,0x54,0x54,0x54,0x54,0x7F,0x54,0x54,0x54,0x54,0x54,0x44,0x40,0x00,
	0x00,0x00,0x00,0xFF,0x15,0x15,0x15,0x15,0x15,0x55,0x95,0x7F,0x00,0x00,0x00,0x00,
	"年",
	0x00,0x20,0x18,0xC7,0x44,0x44,0x44,0x44,0xFC,0x44,0x44,0x44,0x44,0x04,0x00,0x00,
	0x04,0x04,0x04,0x07,0x04,0x04,0x04,0x04,0xFF,0x04,0x04,0x04,0x04,0x04,0x04,0x00,
	"母",
	0x40,0x40,0xC0,0x7E,0x42,0x42,0x4A,0x72,0x42,0x42,0x42,0xFE,0x40,0x40,0x40,0x00,
	0x00,0x00,0x0F,0x08,0x08,0x08,0x09,0x0E,0x48,0x88,0x48,0x3F,0x08,0x08,0x00,0x00,
	"亲",
	0x40,0x40,0x44,0x44,0x54,0x64,0x45,0xC6,0x44,0x64,0x54,0x44,0x44,0x40,0x40,0x00,
	0x00,0x42,0x22,0x12,0x0A,0x42,0x82,0x7F,0x02,0x02,0x0A,0x12,0x22,0x42,0x00,0x00,
	"儿",
	0x00,0x00,0x00,0x00,0xFF,0x00,0x00,0x00,0x00,0xFF,0x00,0x00,0x00,0x00,0x00,0x00,
	0x80,0x40,0x20,0x18,0x07,0x00,0x00,0x00,0x00,0x3F,0x40,0x40,0x40,0x40,0x78,0x00,
	"童",
	0x20,0x20,0x24,0xA4,0xAC,0xB4,0xA5,0xA6,0xA4,0xB4,0xAC,0xA4,0x24,0x20,0x20,0x00,
	0x80,0x80,0xA0,0xAF,0xAA,0xAA,0xAA,0xFF,0xAA,0xAA,0xAA,0xAF,0xA0,0x80,0x80,0x00,
	"父",
	0x00,0x10,0x08,0x04,0x62,0x81,0x00,0x00,0x00,0x81,0x72,0x04,0x08,0x10,0x00,0x00,
	0x80,0x80,0x40,0x40,0x20,0x11,0x0A,0x04,0x0A,0x11,0x20,0x40,0x40,0x80,0x80,0x00,
	"建",
	0x04,0x84,0xC4,0xB4,0x8C,0x10,0x54,0x54,0x54,0xFF,0x54,0x54,0x7C,0x10,0x10,0x00,
	0x80,0x44,0x28,0x18,0x27,0x28,0x49,0x49,0x49,0x7F,0x49,0x49,0x49,0x48,0x40,0x00,
	"党",
	0x40,0x30,0x10,0x92,0x9C,0x90,0x90,0x9F,0x90,0x90,0x98,0x96,0x10,0x50,0x30,0x00,
	0x80,0x80,0x40,0x47,0x24,0x1C,0x04,0x04,0x04,0x7C,0x84,0x87,0x80,0x80,0xE0,0x00,
	"卦",
	0x40,0x44,0x44,0x44,0x7F,0x44,0x44,0x44,0x40,0x00,0xFF,0x20,0x40,0x80,0x00,0x00,
	0x40,0xC4,0x44,0x44,0x3F,0x24,0x24,0x24,0x00,0x00,0xFF,0x00,0x00,0x00,0x01,0x00,
	"日",
	0x00,0x00,0x00,0xFE,0x82,0x82,0x82,0x82,0x82,0x82,0x82,0xFE,0x00,0x00,0x00,0x00,
	0x00,0x00,0x00,0xFF,0x40,0x40,0x40,0x40,0x40,0x40,0x40,0xFF,0x00,0x00,0x00,0x00,
	"本",
	0x00,0x10,0x10,0x10,0x10,0xD0,0x30,0xFF,0x30,0xD0,0x10,0x10,0x10,0x10,0x00,0x00,
	0x10,0x08,0x04,0x02,0x09,0x08,0x08,0xFF,0x08,0x08,0x09,0x02,0x04,0x08,0x10,0x00,
	"无",
	0x00,0x40,0x42,0x42,0x42,0xC2,0x7E,0x42,0xC2,0x42,0x42,0x42,0x40,0x40,0x00,0x00,
	0x80,0x40,0x20,0x10,0x0C,0x03,0x00,0x00,0x3F,0x40,0x40,0x40,0x40,0x70,0x00,0x00,
	"条",
	0x80,0x90,0x90,0x48,0x4C,0x57,0x24,0xE4,0x24,0x54,0x4C,0x44,0x80,0x80,0x80,0x00,
	0x00,0x42,0x22,0x12,0x0A,0x42,0x82,0x7F,0x02,0x02,0x0A,0x12,0x22,0x42,0x00,0x00,
	"件",
	0x00,0x80,0x60,0xF8,0x07,0x80,0x60,0x1C,0x10,0x10,0xFF,0x10,0x10,0x10,0x00,0x00,
	0x01,0x00,0x00,0xFF,0x00,0x02,0x02,0x02,0x02,0x02,0xFF,0x02,0x02,0x02,0x02,0x00,
	"投",
	0x10,0x10,0x10,0xFF,0x10,0x90,0x40,0xA0,0x9E,0x82,0x82,0x82,0x9E,0xA0,0x20,0x00,
	0x04,0x44,0x82,0x7F,0x01,0x00,0x80,0x80,0x43,0x2C,0x10,0x28,0x44,0x83,0x80,0x00,
	"降",
	0x00,0xFE,0x02,0x22,0xDA,0x86,0x90,0x48,0x57,0x24,0xA4,0x54,0x4C,0x84,0x80,0x00,
	0x00,0xFF,0x08,0x10,0x08,0x07,0x18,0x12,0x12,0x12,0xFF,0x12,0x12,0x12,0x10,0x00,
	"教",
	0x20,0xA4,0xA4,0xA4,0xFF,0xA4,0xB4,0x28,0x84,0x70,0x8F,0x08,0x08,0xF8,0x08,0x00,
	0x04,0x0A,0x49,0x88,0x7E,0x05,0x04,0x84,0x40,0x20,0x13,0x0C,0x33,0x40,0x80,0x00,
	"师",
	0x00,0xFC,0x00,0x00,0xFF,0x00,0x02,0xE2,0x22,0x22,0xFE,0x22,0x22,0xE2,0x02,0x00,
	0x00,0x87,0x40,0x30,0x0F,0x00,0x00,0x1F,0x00,0x00,0xFF,0x08,0x10,0x0F,0x00,0x00,
	"耻",
	0x02,0x02,0xFE,0x92,0x92,0xFE,0x02,0x02,0xF8,0x00,0x00,0xFF,0x40,0x40,0x40,0x00,
	0x08,0x18,0x0F,0x08,0x04,0xFF,0x04,0x40,0x7F,0x40,0x40,0x7F,0x40,0x40,0x40,0x00,
	"事",
	0x04,0x04,0x74,0x54,0x54,0x54,0x54,0xFF,0x54,0x54,0x54,0x54,0x74,0x04,0x04,0x00,
	0x04,0x04,0x15,0x15,0x15,0x55,0x95,0x7F,0x15,0x15,0x15,0x15,0x1F,0x04,0x04,0x00,
	"变",
	0x04,0x44,0x24,0x14,0x04,0x7C,0x05,0x06,0x04,0x7C,0x04,0x14,0x24,0x44,0x04,0x00,
	0x80,0x80,0x81,0x41,0x43,0x25,0x29,0x11,0x29,0x25,0x43,0x41,0x80,0x80,0x80,0x00,
	"烈",
	0x00,0x42,0x22,0x52,0x9E,0x12,0x92,0x72,0x02,0x00,0xFC,0x00,0x00,0xFF,0x00,0x00,
	0x88,0x48,0x34,0x04,0x02,0x11,0x60,0x00,0x10,0x60,0x00,0x02,0x14,0xE3,0x00,0x00,
	"士",
	0x40,0x40,0x40,0x40,0x40,0x40,0x40,0xFF,0x40,0x40,0x40,0x40,0x40,0x40,0x40,0x00,
	0x00,0x00,0x40,0x40,0x40,0x40,0x40,0x7F,0x40,0x40,0x40,0x40,0x40,0x00,0x00,0x00,
	"万",
	0x04,0x04,0x04,0x04,0x04,0xFC,0x44,0x44,0x44,0x44,0x44,0xC4,0x04,0x04,0x04,0x00,
	0x80,0x40,0x20,0x18,0x06,0x01,0x00,0x00,0x40,0x80,0x40,0x3F,0x00,0x00,0x00,0x00,
	"圣",
	0x00,0x00,0x02,0x82,0x86,0x4A,0x52,0x22,0x52,0x4A,0x86,0x82,0x00,0x00,0x00,0x00,
	0x01,0x41,0x41,0x44,0x44,0x44,0x44,0x7F,0x44,0x44,0x44,0x44,0x41,0x41,0x01,0x00,
	"光",
	0x40,0x40,0x42,0x44,0x58,0xC0,0x40,0x7F,0x40,0xC0,0x50,0x48,0x46,0x40,0x40,0x00,
	0x80,0x80,0x40,0x20,0x18,0x07,0x00,0x00,0x00,0x3F,0x40,0x40,0x40,0x40,0x78,0x00,
	"棍",
	0x10,0x10,0xD0,0xFF,0x90,0x10,0x00,0xFE,0x92,0x92,0x92,0x92,0x92,0xFE,0x00,0x00,
	0x04,0x03,0x00,0xFF,0x00,0x03,0x00,0xFE,0x44,0x24,0x00,0x7E,0x88,0x84,0xE2,0x00,
	"感",
	0x00,0x00,0xFC,0x04,0xD4,0x54,0x54,0x54,0xD4,0x04,0x7F,0x84,0xC5,0x36,0x04,0x00,
	0x88,0x66,0x01,0x00,0x63,0x82,0x82,0x92,0xAB,0x84,0x82,0xC1,0x02,0x24,0xCF,0x00,
	"恩",
	0x00,0x00,0xFE,0x02,0x12,0x92,0x52,0x3E,0x52,0x92,0x12,0x02,0xFE,0x00,0x00,0x00,
	0x40,0x30,0x03,0x02,0x3B,0x42,0x42,0x46,0x5A,0x42,0x43,0x72,0x03,0x08,0x30,0x00,
	"圣",
	0x00,0x00,0x02,0x82,0x86,0x4A,0x52,0x22,0x52,0x4A,0x86,0x82,0x00,0x00,0x00,0x00,
	0x01,0x41,0x41,0x44,0x44,0x44,0x44,0x7F,0x44,0x44,0x44,0x44,0x41,0x41,0x01,0x00,
	"诞",
	0x40,0x42,0xCC,0x00,0x44,0x64,0x54,0xCC,0x00,0xE4,0x04,0xFE,0x43,0x42,0x00,0x00,
	0x00,0x00,0x3F,0x90,0x4B,0x24,0x18,0x17,0x20,0x4F,0x48,0x4F,0x48,0x48,0x40,0x00,
	"平",
	0x00,0x02,0x02,0x12,0x62,0x02,0x02,0xFE,0x02,0x02,0x42,0x32,0x02,0x02,0x00,0x00,
	0x01,0x01,0x01,0x01,0x01,0x01,0x01,0xFF,0x01,0x01,0x01,0x01,0x01,0x01,0x01,0x00,
	"安",
	0x80,0x90,0x8C,0x84,0x84,0x84,0xF5,0x86,0x84,0x84,0x84,0x84,0x94,0x8C,0x80,0x00,
	0x00,0x80,0x80,0x84,0x46,0x49,0x28,0x10,0x10,0x2C,0x23,0x40,0x80,0x00,0x00,0x00,
	"夜",
	0x04,0x04,0x84,0xE4,0x1C,0x04,0x05,0xC6,0x3C,0xA4,0x24,0x24,0xE4,0x04,0x04,0x00,
	0x02,0x01,0x00,0xFF,0x00,0x82,0x81,0x46,0x28,0x10,0x29,0x46,0x41,0x80,0x80,0x00,
	"家",
	0x10,0x2C,0x24,0x24,0xA4,0xA4,0x65,0xA6,0x24,0x24,0x24,0x24,0xA4,0x34,0x0C,0x00,
	0x40,0x49,0x49,0x29,0x24,0x14,0x52,0x89,0x7F,0x04,0x0A,0x11,0x10,0x20,0x20,0x00,
	"宪",
	0x10,0x0C,0x84,0x64,0x44,0x44,0x45,0xF6,0x44,0x44,0x44,0x44,0x44,0x14,0x0C,0x00,
	0x82,0x82,0x42,0x42,0x22,0x1E,0x02,0x03,0x02,0x7E,0x82,0x82,0x82,0x82,0xE2,0x00,
	"法",
	0x10,0x60,0x02,0x8C,0x00,0x10,0x10,0x10,0x10,0xFF,0x10,0x10,0x10,0x10,0x00,0x00,
	0x04,0x04,0x7E,0x01,0x41,0xE1,0x51,0x49,0x45,0x43,0x41,0x51,0x61,0xC1,0x01,0x00,
	"腊",
	0x00,0xFE,0x22,0x22,0xFE,0x40,0x48,0x48,0x7F,0x48,0x48,0x48,0x7F,0x48,0x48,0x00,
	0x80,0x7F,0x02,0x82,0xFF,0x00,0x00,0xFF,0x49,0x49,0x49,0x49,0x49,0xFF,0x00,0x00,
	"小",
	0x00,0x00,0x00,0xE0,0x00,0x00,0x00,0xFF,0x00,0x00,0x00,0x20,0x40,0x80,0x00,0x00,
	0x08,0x04,0x03,0x00,0x00,0x40,0x80,0x7F,0x00,0x00,0x00,0x00,0x00,0x01,0x0E,0x00,
	"年",
	0x00,0x20,0x18,0xC7,0x44,0x44,0x44,0x44,0xFC,0x44,0x44,0x44,0x44,0x04,0x00,0x00,
	0x04,0x04,0x04,0x07,0x04,0x04,0x04,0x04,0xFF,0x04,0x04,0x04,0x04,0x04,0x04,0x00,
	"除",
	0x00,0xFE,0x22,0x5A,0x86,0x20,0x10,0x28,0x24,0xE3,0x24,0x28,0x10,0x20,0x20,0x00,
	0x00,0xFF,0x04,0x08,0x27,0x11,0x0D,0x41,0x81,0x7F,0x01,0x05,0x09,0x31,0x00,0x00,
	"夕",
	0x00,0x00,0x00,0x80,0x40,0x30,0x1F,0x10,0x10,0x10,0x10,0x90,0x70,0x00,0x00,0x00,
	0x00,0x82,0x81,0x80,0x40,0x41,0x22,0x14,0x08,0x04,0x02,0x01,0x00,0x00,0x00,0x00,
	"春",
	0x40,0x44,0x54,0x54,0xD4,0x54,0x74,0x5F,0x54,0x54,0xD4,0x54,0x54,0x44,0x40,0x00,
	0x04,0x04,0x02,0x01,0xFE,0x92,0x92,0x92,0x92,0x92,0xFE,0x01,0x02,0x04,0x04,0x00,
	"宵",
	0x10,0x0C,0x04,0x94,0xA4,0x84,0x85,0xF6,0x84,0x84,0xA4,0x94,0x04,0x14,0x0C,0x00,
	0x00,0x00,0x00,0xFF,0x0A,0x0A,0x0A,0x0A,0x0A,0x4A,0x8A,0x7F,0x00,0x00,0x00,0x00,
	"祭",
	0x10,0x28,0xCC,0x57,0x24,0x94,0x8C,0x80,0x87,0x9C,0x24,0x64,0x94,0x0C,0x00,0x00,
	0x01,0x01,0x40,0x24,0x14,0x44,0x84,0x7C,0x04,0x04,0x14,0x24,0x40,0x01,0x01,0x00,
	"灶",
	0x80,0x70,0x00,0xFF,0x20,0x10,0x00,0x40,0x40,0x40,0xFF,0x40,0x40,0x40,0x00,0x00,
	0x80,0x60,0x18,0x07,0x08,0x30,0x40,0x40,0x40,0x40,0x7F,0x40,0x40,0x40,0x40,0x00,
	"龙",
	0x10,0x10,0x10,0x10,0x10,0xFF,0x10,0x10,0xF0,0x10,0x11,0x16,0xD0,0x10,0x10,0x00,
	0x80,0x40,0x20,0x18,0x06,0x41,0x20,0x10,0x3F,0x44,0x42,0x41,0x40,0x40,0x78,0x00,
	"抬",
	0x10,0x10,0x10,0xFF,0x10,0x90,0x20,0x30,0x28,0x24,0x23,0x20,0x28,0x30,0x60,0x00,
	0x04,0x44,0x82,0x7F,0x01,0x00,0x00,0xFF,0x41,0x41,0x41,0x41,0x41,0xFF,0x00,0x00,
	"头",
	0x00,0x00,0x10,0x60,0x04,0x18,0x00,0x00,0xFF,0x00,0x00,0x00,0x00,0x00,0x00,0x00,
	0x81,0x81,0x41,0x41,0x21,0x11,0x09,0x07,0x01,0x05,0x09,0x11,0x21,0xC1,0x01,0x00,
	"中",
	0x00,0x00,0xF0,0x10,0x10,0x10,0x10,0xFF,0x10,0x10,0x10,0x10,0xF0,0x00,0x00,0x00,
	0x00,0x00,0x0F,0x04,0x04,0x04,0x04,0xFF,0x04,0x04,0x04,0x04,0x0F,0x00,0x00,0x00,
	"和",
	0x20,0x24,0x24,0xA4,0xFE,0x23,0x22,0x20,0x00,0xF8,0x08,0x08,0x08,0xF8,0x00,0x00,
	0x10,0x08,0x06,0x01,0xFF,0x01,0x06,0x00,0x00,0x3F,0x10,0x10,0x10,0x3F,0x00,0x00,
	"寒",
	0x10,0x0C,0x44,0x54,0x54,0xFC,0x55,0x56,0x54,0xFC,0x54,0x54,0x44,0x14,0x0C,0x00,
	0x11,0x11,0x09,0x05,0x03,0x21,0x25,0x45,0x49,0x91,0x03,0x05,0x09,0x11,0x11,0x00,
	"食",
	0x20,0x20,0x10,0xF0,0xA8,0xA4,0xAA,0xB1,0xA2,0xA4,0xA8,0xF0,0x10,0x20,0x20,0x00,
	0x00,0x00,0x00,0xFF,0x82,0x42,0x22,0x0A,0x0A,0x12,0x12,0x2B,0x44,0x80,0x00,0x00,
	"清",
	0x10,0x60,0x02,0x8C,0x00,0x44,0x54,0x54,0x54,0x7F,0x54,0x54,0x54,0x44,0x40,0x00,
	0x04,0x04,0x7E,0x01,0x00,0x00,0xFF,0x15,0x15,0x15,0x55,0x95,0x7F,0x00,0x00,0x00,
	"明",
	0x00,0xFC,0x44,0x44,0x44,0xFC,0x00,0x00,0xFE,0x22,0x22,0x22,0x22,0xFE,0x00,0x00,
	0x00,0x0F,0x04,0x04,0x04,0x8F,0x40,0x30,0x0F,0x02,0x02,0x42,0x82,0x7F,0x00,0x00,
	"上",
	0x00,0x00,0x00,0x00,0x00,0x00,0xFF,0x40,0x40,0x40,0x40,0x40,0x40,0x00,0x00,0x00,
	0x40,0x40,0x40,0x40,0x40,0x40,0x7F,0x40,0x40,0x40,0x40,0x40,0x40,0x40,0x40,0x00,
	"巳",
	0x00,0x00,0xFE,0x82,0x82,0x82,0x82,0x82,0x82,0x82,0x82,0xFE,0x00,0x00,0x00,0x00,
	0x00,0x00,0x3F,0x40,0x40,0x40,0x40,0x40,0x40,0x40,0x40,0x40,0x40,0x78,0x00,0x00,
	"浴",
	0x10,0x60,0x02,0x8C,0x00,0x08,0x84,0x43,0x20,0x18,0x20,0x41,0x82,0x0C,0x00,0x00,
	0x04,0x04,0x7E,0x01,0x00,0x01,0xFE,0x42,0x42,0x42,0x42,0x42,0xFE,0x01,0x01,0x00,
	"佛",
	0x80,0x60,0xF8,0x07,0x08,0xC8,0x48,0xFF,0x48,0x48,0xFF,0x48,0x48,0x78,0x00,0x00,
	0x00,0x00,0xFF,0x00,0x83,0x42,0x32,0x0F,0x02,0x02,0xFF,0x02,0x12,0x22,0x1E,0x00,
	"端",
	0xC8,0x08,0x09,0x0E,0xE8,0x08,0x40,0x5E,0x50,0x50,0xDF,0x50,0x50,0x5E,0x40,0x00,
	0x20,0x6F,0x20,0x1C,0x13,0x10,0x00,0xFE,0x02,0x7F,0x02,0x7E,0x82,0xFE,0x00,0x00,
	"午",
	0x00,0x40,0x20,0x18,0x0F,0x08,0x08,0xF8,0x08,0x08,0x08,0x08,0x08,0x00,0x00,0x00,
	0x02,0x02,0x02,0x02,0x02,0x02,0x02,0xFF,0x02,0x02,0x02,0x02,0x02,0x02,0x02,0x00,
	"夕",
	0x00,0x00,0x00,0x80,0x40,0x30,0x1F,0x10,0x10,0x10,0x10,0x90,0x70,0x00,0x00,0x00,
	0x00,0x82,0x81,0x80,0x40,0x41,0x22,0x14,0x08,0x04,0x02,0x01,0x00,0x00,0x00,0x00,
	"情",
	0x00,0xE0,0x00,0xFF,0x10,0x64,0x54,0x54,0x54,0x7F,0x54,0x54,0x54,0x44,0x40,0x00,
	0x01,0x00,0x00,0xFF,0x00,0x00,0xFF,0x15,0x15,0x15,0x55,0x95,0x7F,0x00,0x00,0x00,
	"人",
	0x00,0x00,0x00,0x00,0x00,0x00,0xC0,0x3F,0xC0,0x00,0x00,0x00,0x00,0x00,0x00,0x00,
	0x80,0x40,0x20,0x10,0x0C,0x03,0x00,0x00,0x00,0x03,0x0C,0x10,0x20,0x40,0x80,0x00,
	"中",
	0x00,0x00,0xF0,0x10,0x10,0x10,0x10,0xFF,0x10,0x10,0x10,0x10,0xF0,0x00,0x00,0x00,
	0x00,0x00,0x0F,0x04,0x04,0x04,0x04,0xFF,0x04,0x04,0x04,0x04,0x0F,0x00,0x00,0x00,
	"重",
	0x10,0x10,0x14,0xD4,0x54,0x54,0x54,0xFC,0x52,0x52,0x52,0xD3,0x12,0x10,0x10,0x00,
	0x40,0x40,0x50,0x57,0x55,0x55,0x55,0x7F,0x55,0x55,0x55,0x57,0x50,0x40,0x40,0x00,
	"阳",
	0x00,0xFE,0x02,0x22,0xDA,0x06,0x00,0xFC,0x04,0x04,0x04,0x04,0x04,0xFC,0x00,0x00,
	0x00,0xFF,0x08,0x10,0x08,0x07,0x00,0xFF,0x41,0x41,0x41,0x41,0x41,0xFF,0x00,0x00,
	"寒",
	0x10,0x0C,0x44,0x54,0x54,0xFC,0x55,0x56,0x54,0xFC,0x54,0x54,0x44,0x14,0x0C,0x00,
	0x11,0x11,0x09,0x05,0x03,0x21,0x25,0x45,0x49,0x91,0x03,0x05,0x09,0x11,0x11,0x00,
	"衣",
	0x08,0x08,0x08,0x08,0x08,0xC8,0x39,0xCE,0x08,0x08,0x08,0x08,0x88,0x08,0x08,0x00,
	0x10,0x08,0x04,0x02,0xFF,0x40,0x20,0x00,0x03,0x04,0x0A,0x11,0x20,0x40,0x40,0x00,
	"下",
	0x02,0x02,0x02,0x02,0x02,0x02,0xFE,0x02,0x02,0x42,0x82,0x02,0x02,0x02,0x02,0x00,
	0x00,0x00,0x00,0x00,0x00,0x00,0xFF,0x00,0x00,0x00,0x00,0x01,0x06,0x00,0x00,0x00,
	"星",
	0x00,0x00,0x00,0xBE,0x2A,0x2A,0x2A,0xEA,0x2A,0x2A,0x2A,0x3E,0x00,0x00,0x00,0x00,
	0x00,0x44,0x42,0x49,0x49,0x49,0x49,0x7F,0x49,0x49,0x49,0x49,0x41,0x40,0x00,0x00,
	"期",
	0x00,0x04,0xFF,0x24,0x24,0x24,0xFF,0x04,0x00,0xFE,0x22,0x22,0x22,0xFE,0x00,0x00,
	0x88,0x48,0x2F,0x09,0x09,0x19,0xAF,0x48,0x30,0x0F,0x02,0x42,0x82,0x7F,0x00,0x00,
	"天",
	0x40,0x40,0x42,0x42,0x42,0x42,0x42,0xFE,0x42,0x42,0x42,0x42,0x42,0x40,0x40,0x00,
	0x80,0x80,0x40,0x20,0x10,0x0C,0x03,0x00,0x03,0x0C,0x10,0x20,0x40,0x80,0x80,0x00,
	"庚",
	0x00,0x00,0xFC,0x04,0x24,0x24,0x24,0x25,0xF6,0x24,0x24,0x24,0xE4,0x04,0x04,0x00,
	0x40,0x30,0x8F,0x81,0x49,0x49,0x29,0x19,0x0F,0x19,0x29,0x49,0x4F,0x81,0x81,0x00,
	"辛",
	0x40,0x40,0x44,0x44,0x54,0x64,0x45,0xC6,0x44,0x64,0x54,0x44,0x44,0x40,0x40,0x00,
	0x00,0x04,0x04,0x04,0x04,0x04,0x04,0xFF,0x04,0x04,0x04,0x04,0x04,0x04,0x00,0x00,
	"壬",
	0x80,0x80,0x84,0x84,0x84,0x84,0x84,0xFC,0x82,0x82,0x82,0x83,0x82,0x80,0x80,0x00,
	0x00,0x00,0x40,0x40,0x40,0x40,0x40,0x7F,0x40,0x40,0x40,0x40,0x40,0x00,0x00,0x00,
	"癸",
	0x80,0x8A,0x52,0x22,0x92,0x8A,0x86,0x80,0x83,0x8C,0x92,0x31,0x48,0x84,0x80,0x00,
	0x00,0x84,0x84,0x44,0x44,0x24,0x14,0x0F,0x14,0x14,0x24,0x44,0x84,0x04,0x00,0x00,
	"甲",
	0x00,0x00,0xFE,0x22,0x22,0x22,0x22,0xFE,0x22,0x22,0x22,0x22,0xFE,0x00,0x00,0x00,
	0x00,0x00,0x07,0x02,0x02,0x02,0x02,0xFF,0x02,0x02,0x02,0x02,0x07,0x00,0x00,0x00,
	"乙",
	0x00,0x02,0x02,0x02,0x02,0x82,0x42,0x22,0x12,0x0A,0x06,0x02,0x00,0x00,0x00,0x00,
	0x00,0x00,0x38,0x46,0x41,0x40,0x40,0x40,0x40,0x40,0x40,0x40,0x40,0x78,0x00,0x00,
	"丙",
	0x02,0xE2,0x22,0x22,0x22,0x22,0x22,0xFE,0x22,0x22,0x22,0x22,0x22,0xE2,0x02,0x00,
	0x00,0xFF,0x00,0x00,0x08,0x04,0x03,0x00,0x01,0x02,0x0C,0x40,0x80,0x7F,0x00,0x00,
	"丁",
	0x00,0x02,0x02,0x02,0x02,0x02,0x02,0xFE,0x02,0x02,0x02,0x02,0x02,0x02,0x00,0x00,
	0x00,0x00,0x00,0x00,0x00,0x40,0x80,0x7F,0x00,0x00,0x00,0x00,0x00,0x00,0x00,0x00,
	"戊",
	0x00,0x00,0xF8,0x08,0x08,0x08,0x08,0x08,0x7F,0x88,0x08,0x09,0x0A,0xC8,0x08,0x00,
	0x80,0x60,0x1F,0x00,0x80,0x80,0x40,0x40,0x20,0x13,0x0C,0x14,0x23,0x40,0xF8,0x00,
	"己",
	0x00,0x00,0x82,0x82,0x82,0x82,0x82,0x82,0x82,0x82,0x82,0xFE,0x00,0x00,0x00,0x00,
	0x00,0x00,0x3F,0x40,0x40,0x40,0x40,0x40,0x40,0x40,0x40,0x40,0x40,0x78,0x00,0x00,
	"年",
	0x00,0x20,0x18,0xC7,0x44,0x44,0x44,0x44,0xFC,0x44,0x44,0x44,0x44,0x04,0x00,0x00,
	0x04,0x04,0x04,0x07,0x04,0x04,0x04,0x04,0xFF,0x04,0x04,0x04,0x04,0x04,0x04,0x00,
	"无",
	0x00,0x40,0x42,0x42,0x42,0xC2,0x7E,0x42,0xC2,0x42,0x42,0x42,0x40,0x40,0x00,0x00,
	0x80,0x40,0x20,0x10,0x0C,0x03,0x00,0x00,0x3F,0x40,0x40,0x40,0x40,0x70,0x00,0x00,
	"节",
	0x04,0x44,0x44,0x44,0x5F,0x44,0xC4,0x44,0x44,0x44,0x5F,0x44,0xC4,0x04,0x04,0x00,
	0x00,0x00,0x00,0x00,0x00,0x00,0xFF,0x00,0x00,0x08,0x10,0x08,0x07,0x00,0x00,0x00,
	"气",
	0x20,0x10,0x4C,0x47,0x54,0x54,0x54,0x54,0x54,0x54,0x54,0xD4,0x04,0x04,0x00,0x00,
	0x00,0x00,0x00,0x00,0x00,0x00,0x00,0x00,0x00,0x00,0x00,0x0F,0x30,0x40,0xF0,0x00,
	"阳",
	0x00,0xFE,0x02,0x22,0xDA,0x06,0x00,0xFC,0x04,0x04,0x04,0x04,0x04,0xFC,0x00,0x00,
	0x00,0xFF,0x08,0x10,0x08,0x07,0x00,0xFF,0x41,0x41,0x41,0x41,0x41,0xFF,0x00,0x00,
	"阴",
	0x00,0xFE,0x02,0x22,0xDA,0x06,0x00,0xFE,0x22,0x22,0x22,0x22,0x22,0xFE,0x00,0x00,
	0x00,0xFF,0x08,0x10,0x88,0x47,0x30,0x0F,0x02,0x02,0x02,0x42,0x82,0x7F,0x00,0x00,
	"历",
	0x00,0x00,0xFE,0x02,0x42,0x42,0x42,0x42,0xFA,0x42,0x42,0x42,0x42,0xC2,0x02,0x00,
	0x80,0x60,0x1F,0x80,0x40,0x20,0x18,0x06,0x01,0x00,0x40,0x80,0x40,0x3F,0x00,0x00,
	"设",
	0x40,0x40,0x42,0xCC,0x00,0x40,0xA0,0x9E,0x82,0x82,0x82,0x9E,0xA0,0x20,0x20,0x00,
	0x00,0x00,0x00,0x3F,0x90,0x88,0x40,0x43,0x2C,0x10,0x28,0x46,0x41,0x80,0x80,0x00,
	"置",
	0x00,0x17,0x15,0xD5,0x55,0x57,0x55,0x7D,0x55,0x57,0x55,0xD5,0x15,0x17,0x00,0x00,
	0x40,0x40,0x40,0x7F,0x55,0x55,0x55,0x55,0x55,0x55,0x55,0x7F,0x40,0x40,0x40,0x00,
	"闹",
	0x00,0xF8,0x01,0x22,0x20,0x22,0x2A,0xF2,0x22,0x22,0x22,0x22,0x02,0xFE,0x00,0x00,
	0x00,0xFF,0x00,0x00,0x1F,0x01,0x01,0x7F,0x09,0x11,0x0F,0x40,0x80,0x7F,0x00,0x00,
	"钟",
	0x20,0x10,0x2C,0xE7,0x24,0x24,0x00,0xF0,0x10,0x10,0xFF,0x10,0x10,0xF0,0x00,0x00,
	0x01,0x01,0x01,0x7F,0x21,0x11,0x00,0x07,0x02,0x02,0xFF,0x02,0x02,0x07,0x00,0x00,
	"时",
	0x00,0xFC,0x84,0x84,0x84,0xFC,0x00,0x10,0x10,0x10,0x10,0x10,0xFF,0x10,0x10,0x00,
	0x00,0x3F,0x10,0x10,0x10,0x3F,0x00,0x00,0x01,0x06,0x40,0x80,0x7F,0x00,0x00,0x00,
	"间",
	0x00,0xF8,0x01,0x06,0x00,0xF0,0x12,0x12,0x12,0xF2,0x02,0x02,0x02,0xFE,0x00,0x00,
	0x00,0xFF,0x00,0x00,0x00,0x1F,0x11,0x11,0x11,0x1F,0x00,0x40,0x80,0x7F,0x00,0x00,
	"当",
	0x00,0x40,0x42,0x44,0x58,0x40,0x40,0x7F,0x40,0x40,0x50,0x48,0xC6,0x00,0x00,0x00,
	0x00,0x40,0x44,0x44,0x44,0x44,0x44,0x44,0x44,0x44,0x44,0x44,0xFF,0x00,0x00,0x00,
	"天",
	0x40,0x40,0x42,0x42,0x42,0x42,0x42,0xFE,0x42,0x42,0x42,0x42,0x42,0x40,0x40,0x00,
	0x80,0x80,0x40,0x20,0x10,0x0C,0x03,0x00,0x03,0x0C,0x10,0x20,0x40,0x80,0x80,0x00,
	"湿",
	0x10,0x60,0x02,0x8C,0x00,0xFE,0x92,0x92,0x92,0x92,0x92,0x92,0xFE,0x00,0x00,0x00,
	0x04,0x04,0x7E,0x01,0x44,0x48,0x50,0x7F,0x40,0x40,0x7F,0x50,0x48,0x44,0x40,0x00,
	"度",
	0x00,0x00,0xFC,0x24,0x24,0x24,0xFC,0x25,0x26,0x24,0xFC,0x24,0x24,0x24,0x04,0x00,
	0x40,0x30,0x8F,0x80,0x84,0x4C,0x55,0x25,0x25,0x25,0x55,0x4C,0x80,0x80,0x80,0x00,
	"为",
	0x00,0x20,0x22,0x2C,0x20,0x20,0xE0,0x3F,0x20,0x20,0x20,0x20,0xE0,0x00,0x00,0x00,
	0x80,0x40,0x20,0x10,0x08,0x06,0x01,0x00,0x01,0x46,0x80,0x40,0x3F,0x00,0x00,0x00,
	"温",
	0x10,0x60,0x02,0x8C,0x00,0x00,0xFE,0x92,0x92,0x92,0x92,0x92,0xFE,0x00,0x00,0x00,
	0x04,0x04,0x7E,0x01,0x40,0x7E,0x42,0x42,0x7E,0x42,0x7E,0x42,0x42,0x7E,0x40,0x00,
	"度",
	0x00,0x00,0xFC,0x24,0x24,0x24,0xFC,0x25,0x26,0x24,0xFC,0x24,0x24,0x24,0x04,0x00,
	0x40,0x30,0x8F,0x80,0x84,0x4C,0x55,0x25,0x25,0x25,0x55,0x4C,0x80,0x80,0x80,0x00,
	"℃",
	0x06,0x09,0x09,0xE6,0xF8,0x0C,0x04,0x02,0x02,0x02,0x02,0x02,0x04,0x1E,0x00,0x00,
	0x00,0x00,0x00,0x07,0x1F,0x30,0x20,0x40,0x40,0x40,0x40,0x40,0x20,0x10,0x00,0x00,
	/*按照上面的格式，在这个位置加入新的汉字数据*/
	//...
	
	
	/*未找到指定汉字时显示的默认图形（一个方框，内部一个问号），请确保其位于数组最末尾*/
	"",		
	0xFF,0x01,0x01,0x01,0x31,0x09,0x09,0x09,0x09,0x89,0x71,0x01,0x01,0x01,0x01,0xFF,
	0xFF,0x80,0x80,0x80,0x80,0x80,0x80,0x96,0x81,0x80,0x80,0x80,0x80,0x80,0x80,0xFF,

};

/*********************汉字字模数据*/


/*图像数据*********************/

/*测试图像（一个方框，内部一个二极管符号），宽16像素，高16像素*/
const uint8_t Diode[] = {
	0xFF,0x01,0x81,0x81,0x81,0xFD,0x89,0x91,0xA1,0xC1,0xFD,0x81,0x81,0x81,0x01,0xFF,
	0xFF,0x80,0x80,0x80,0x80,0x9F,0x88,0x84,0x82,0x81,0x9F,0x80,0x80,0x80,0x80,0xFF,
};

/*按照上面的格式，在这个位置加入新的图像数据*/
//...

/*********************图像数据*/


/*****************江协科技|版权所有****************/
/*****************jiangxiekeji.com*****************/
